gil,,gitíiti,armpit,,gitíiti,,schmidt
koh,,gitíit,armpit,,gitíit,,schmidt
gur,,gikíiti,armpit,,gikíiti,,schmidt
Astor,,gikíiti,armpit,,gikíiti,,schmidt
dr,,gikhití,armpit,,gikhití,,schmidt
gur,2588,kácɨ̥,armpit,,kácɨ̥,,schmidt
dr,2588,khiṅ,armpit,,khiṅ,,schmidt
bro,2588,caṅ'khoṅ,armpit,,caṅ'khoṅ,,schmidt
gil,6250,dáa~y,beard,,dáa~y,,schmidt
koh,6250,dáae,beard,,dáae,,schmidt
gur,6250,dái~,beard,,dái~,,schmidt
Astor,6250,dá~i~,beard,,dá~i~,,schmidt
gil,5589,ḍeér,belly,,ḍeér,,schmidt
koh,5589,ḍeér,belly,,ḍeér,,schmidt
gur,5589,ḍeér,belly,,ḍeér,,schmidt
Astor,5589,ḍeér,belly,,ḍeér,,schmidt
gil,11168,léel,blood,,léel,,schmidt
koh,11168,léel,blood,,léel,,schmidt
gur,11168,léel,blood,,léel,,schmidt
Astor,11168,léel,blood,,léel,,schmidt
gil,958,á~ṭi,bone,,á~ṭi,,schmidt
koh,958,á~ṭhi,bone,,á~ṭhi,,schmidt
gur,958,á~ṭi,bone,,á~ṭi,,schmidt
Astor,958,á~ṭi,bone,,á~ṭi,,schmidt
gil,9926,máto,brain,,máto,,schmidt
koh,9926,mótho,brain,,mótho,,schmidt
gur,9926,mótu,brain,,mótu,,schmidt
Astor,9926,máto,brain,,máto,,schmidt
koh,,máɣaz,brain,,máɣaz,,schmidt
gur,,maɣzíi,brain,,maɣzíi,,schmidt
gil,4855,cúcu,breast,,cúcu,,schmidt
koh,4855,cíci,breast,,cíci,,schmidt
gur,,mámu,breast,,mámu,,schmidt
Astor,,mam,breast,,mam,,schmidt
gil,2830,koṇ,ear,,koṇ,,schmidt
koh,2830,koṇ,ear,,koṇ,,schmidt
gur,2830,koṇ,ear,,koṇ,,schmidt
Astor,2830,koṇ,ear,,koṇ,,schmidt
gil,2757,bakhúni,elbow,,bakhúni,,schmidt
gur,2757,bakhúnɨ,elbow,,bakhúnɨ,pl.,schmidt
Astor,2757,bakhúni,elbow,,bakhúni,,schmidt
koh,,ṭhugúri,elbow,,ṭhugúri,,schmidt
koh,,photuúti,elbow,,photuúti,,schmidt
gur,,photuúti,elbow,,photuúti,,schmidt
gil,43,ac̣híi,eye,,ac̣híi,,schmidt
koh,43,ac̣híi,eye,,ac̣híi,,schmidt
gur,43,ac̣híi,eye,,ac̣híi,,schmidt
Astor,43,ac̣híi,eye,,ac̣híi,,schmidt
gil,10158,mukh,face,,mukh,,schmidt
koh,10158,muk,face,,muk,,schmidt
gur,10158,muk,face,,muk,,schmidt
Astor,10158,mukh,face,,mukh,,schmidt
gur,,roói,face,,roói,,schmidt
gil,135,haguí,finger,,haguí,,schmidt
koh,135,hagwí,finger,,hagwí,,schmidt
gur,135,a~wíi~,finger,,a~wíi~,,schmidt
Astor,135,aṅwíi~,finger,,aṅwíi~,,schmidt
gil,6920,nóoro,fingernail,,nóoro,,schmidt
koh,6920,núuro,fingernail,,núuro,,schmidt
gur,6920,nóor,fingernail,,nóor,,schmidt
Astor,6920,nóor,fingernail,,nóor,,schmidt
gil,9982,moós,flesh,,moós,,schmidt
koh,9982,moós,flesh,,moós,,schmidt
gur,9982,moós,flesh,,moós,,schmidt
Astor,9982,moós,flesh,,moós,,schmidt
gil,8056,páa,foot,,páa,,schmidt
koh,8056,páa~,foot,,páa~,,schmidt
gur,8056,páa,foot,,páa,,schmidt
Astor,8056,páa,foot,,páa,,schmidt
gil,5075,jakúr,hair,,jakúr,,schmidt
koh,5075,jáako,hair,,jáako,,schmidt
gur,5075,jakúu,hair,,jakúu,,schmidt
Astor,5075,jaáko,hair,,jaáko,,schmidt
koh,11572,báal,hair,,báal,,schmidt
gur,11572,báal,hair,,báal,,schmidt
gil,14024,hat,hand,,hat,,schmidt
koh,14024,hat,hand,,hat,,schmidt
gur,14024,hat,hand,,hat,,schmidt
Astor,14024,hat,hand,,hat,,schmidt
gil,12497,ṣiṣ,head,,ṣiṣ,,schmidt
koh,12497,ṣiṣ,head,,ṣiṣ,,schmidt
gur,12497,ṣiíṣ,head,,ṣiíṣ,,schmidt
Astor,12497,ṣiíṣ,head,,ṣiíṣ,,schmidt
gil,14152,híyo,heart,,híyo,,schmidt
koh,14152,hyúu,heart,,hyúu,,schmidt
gur,14152,híi,heart,,híi,,schmidt
gur,14152,híiu,heart,,híiu,,schmidt
Astor,14152,hyúu,heart,,hyúu,,schmidt
gil,12064,j̣uk,kidney,,j̣uk,,schmidt
gil,12064,ẓuk,kidney,,ẓuk,,schmidt
koh,12064,ẓuúk,kidney,,ẓuúk,,schmidt
gur,12064,j̣úuk,kidney,,j̣úuk,,schmidt
Astor,12064,j̣uk,kidney,,j̣uk,,schmidt
gil,3243,kúṭo,knee,,kúṭo,,schmidt
koh,3243,kúṭho,knee,,kúṭho,,schmidt
gur,3243,kúṭu,knee,,kúṭu,,schmidt
Astor,3243,kúṭo,knee,,kúṭo,,schmidt
gil,2563,óo~ṭo,lip,,óo~ṭo,,schmidt
gur,2563,óo~ṭi,lip,,óo~ṭi,,schmidt
Astor,2563,óo~ṭ,lip,,óo~ṭ,,schmidt
koh,5853,thurúuṭi,lip,,thurúuṭi,,schmidt
gil,10394,yúum,liver,,yúum,,schmidt
koh,10394,yúu~,liver,,yúu~,,schmidt
gur,10394,yúu~,liver,,yúu~,,schmidt
Astor,10394,yúu~,liver,,yúu~,,schmidt
gil,9083,phúṅe,moustache,,phúṅe,pl.,schmidt
koh,9083,phúgo,moustache,,phúgo,,schmidt
gur,9083,phúu~ṅɨ,moustache,,phúu~ṅɨ,pl.,schmidt
Astor,9083,phúṅi,moustache,,phúṅi,pl.,schmidt
gil,1533,áa~y,mouth,,áa~y,,schmidt
koh,1533,áa~zi,mouth,,áa~zi,,schmidt
gur,1533,áa~zu,mouth,,áa~zu,,schmidt
Astor,1533,áa~zo,mouth,,áa~zo,,schmidt
gil,13576,ṣak,neck,,ṣak,,schmidt
koh,13576,ṣak,neck,,ṣak,,schmidt
gur,13576,ṣak,neck,,ṣak,,schmidt
Astor,13576,ṣak,neck,,ṣak,,schmidt
gur,,šóoṇu,neck,,šóoṇu,,schmidt
gil,7031,náto,nose,,náto,,schmidt
koh,7031,nóthi,nose,,nóthi,,schmidt
gur,7031,nótu,nose,,nótu,,schmidt
Astor,7031,náto,nose,,náto,,schmidt
gil,4701,com,skin,,com,,schmidt
koh,4701,com,skin,,com,,schmidt
gur,4701,com,skin,,com,,schmidt
Astor,4701,com,skin,,com,,schmidt
gil,13839,phíco,shoulder,,phíco,,schmidt
koh,13839,phíjo,shoulder,,phíjo,,schmidt
gur,13839,phíjo,shoulder,,phíjo,,schmidt
koh,10221,muṭh,shoulder,,muṭh,,schmidt
gur,10221,miṭhíj,shoulder,,miṭhíj,,schmidt
Astor,10221,miṭhíjo,shoulder,,miṭhíjo,,schmidt
koh,13627,kaṇíi,shoulder,,kaṇíi,?,schmidt
Astor,13839,phéelo,shoulder,,phéelo,,schmidt
gil,137,agúto,thumb,,agúto,,schmidt
koh,137,hagúu,thumb,,hagúu,,schmidt
gur,137,oṅúu~tu,thumb,,oṅúu~tu,,schmidt
Astor,137,aṅúu~to,thumb,,aṅúu~to,,schmidt
gil,5228,jib,tongue,,jib,,schmidt
koh,5228,jip,tongue,,jip,,schmidt
gur,5228,jip,tongue,,jip,,schmidt
Astor,5228,jip,tongue,,jip,,schmidt
gil,6152,don,tooth,,don,,schmidt
koh,6152,don,tooth,,don,,schmidt
gur,6152,don,tooth,,don,,schmidt
Astor,6152,don,tooth,,don,,schmidt
gil,10337,miíke,urine,,miíke,,schmidt
koh,10337,mhiíki,urine,,mhiíki,,schmidt
gur,10337,múu~cu̥,urine,,múu~cu̥,,schmidt
gur,10337,myaakul,urine,,myaakul,,schmidt
Astor,10337,miíko,urine,,miíko,,schmidt
gil,9661,ẓáa,brother,,ẓáa,,schmidt
koh,9661,ẓáa,brother,,ẓáa,,schmidt
gur,9661,j̣áa,brother,,j̣áa,,schmidt
Astor,9661,ẓáa,brother,,ẓáa,,schmidt
gil,9660,jajeé,brother's wife,,jajeé,,schmidt
koh,9660,jaẓá,brother's wife,,jaẓá,,schmidt
Astor,9660,jaj̣eé,brother's wife,,jaj̣eé,,schmidt
gur,2998,kaáki,brother's wife,,kaáki,,schmidt
gil,9216,baál,child,,baál,,schmidt
koh,9216,baál,child,,baál,,schmidt
Astor,9216,baál,child,,baál,,schmidt
gur,4889,cúṇu,child,,cúṇu,,schmidt
gur,,mulái,daughter,,mulái,,schmidt
gil,6481,dií,daughter,,dií,,schmidt
koh,6481,dií,daughter,,dií,,schmidt
gur,6481,dií,daughter,,dií,,schmidt
Astor,6481,diíh,daughter,,diíh,,schmidt
gil,13801,nuúṣ,daughter-in-law,,nuúṣ,,schmidt
koh,13801,nuúṣ,daughter-in-law,,nuúṣ,,schmidt
gur,13801,nuúṣ,daughter-in-law,,nuúṣ,,schmidt
Astor,13801,nuúṣ,daughter-in-law,,nuúṣ,,schmidt
gil,9935,maálo,father,,maálo,,schmidt
koh,9935,maálo,father,,maálo,,schmidt
gur,9935,maálu,father,,maálu,,schmidt
gil,9209,baábo,father,,baábo,,schmidt
koh,9209,bubáa,father,,bubáa,,schmidt
Astor,9209,baábo,father,,baábo,,schmidt
gil,8188,picáa,father's brother,,picáa,,schmidt
koh,8188,picáar,father's brother,,picáar,,schmidt
gur,8188,pic̣íi,father's brother,,pic̣íi,,schmidt
Astor,,cúno maálo,father's brother,,cúno maálo,,schmidt
gil,12753,šáyur,father-in-law,,šáyur,,schmidt
koh,12753,šéer,father-in-law,,šéer,,schmidt
gur,12753,šéer,father-in-law,,šéer,,schmidt
Astor,12753,šáwur,father-in-law,,šáwur,,schmidt
gil,8417,póoc̣i,granddaughter,,póoc̣i,,schmidt
koh,8417,póoc̣i,granddaughter,,póoc̣i,,schmidt
gur,8417,póoc̣i,granddaughter,,póoc̣i,,schmidt
Astor,8417,póoc̣i,granddaughter,,póoc̣i,,schmidt
gil,8416,póoc̣o,grandson,,póoc̣o,,schmidt
koh,8416,póoc̣o,grandson,,póoc̣o,,schmidt
gur,8416,póoc̣o,grandson,,póoc̣o,,schmidt
Astor,8416,póoc̣o,grandson,,póoc̣o,,schmidt
gil,9828,mušáa,man,,mušáa,,schmidt
koh,9828,mušáa,man,,mušáa,,schmidt
gur,9828,mušáa,man,,mušáa,,schmidt
gur,9828,mišáa,man,,mišáa,,schmidt
Astor,9828,mušáa,man,,mušáa,,schmidt
gil,1351,aáji,mother,,aáji,,schmidt
koh,1351,áji,mother,,áji,,schmidt
gur,1351,aáji,mother,,aáji,,schmidt
Astor,1351,aáji,mother,,aáji,,schmidt
gil,10016,maá~,mother,,maá~,,schmidt
koh,10016,maá~,mother,,maá~,,schmidt
gur,10016,máa~,mother,,máa~,,schmidt
gil,10055,máamo,mother's brother,,máamo,,schmidt
koh,10055,mamáa,mother's brother,,mamáa,,schmidt
gur,10055,múumu̥,mother's brother,,múumu̥,,schmidt
Astor,10055,móomo,mother's brother,,móomo,,schmidt
gil,9935,moól,mother's brother,,moól,,schmidt
koh,9935,mahuúl,mother's brother,,mahuúl,,schmidt
gil,12759,šaṣ,mother-in-law,,šaṣ,,schmidt
koh,12759,šaṣ,mother-in-law,,šaṣ,,schmidt
gur,12759,šaš,mother-in-law,,šaš,,schmidt
gur,12759,ṣaṣ,mother-in-law,,ṣaṣ,,schmidt
Astor,12759,ṣaṣ,mother-in-law,,ṣaṣ,,schmidt
gil,7067,nóom,name,,nóom,,schmidt
koh,7067,núum,name,,núum,,schmidt
gur,7067,nóom,name,,nóom,,schmidt
Astor,7067,nóom,name,,nóom,,schmidt
gil,11221,manúj̣o,person,,manúj̣o,,schmidt
koh,11221,manúuẓo,person,,manúuẓo,,schmidt
gur,11221,manúuj̣u,person,,manúuj̣u,,schmidt
Astor,11221,manúuẓo,person,,manúuẓo,,schmidt
gil,13913,sa,sister,,sa,,schmidt
koh,13913,sas,sister,,sas,,schmidt
gur,13913,sas,sister,,sas,,schmidt
Astor,13913,sas,sister,,sas,,schmidt
gil,8265,puc̣,son,,puc̣,,schmidt
koh,8265,puc̣,son,,puc̣,,schmidt
gur,8265,puc̣,son,,puc̣,,schmidt
Astor,8265,puc̣,son,,puc̣,,schmidt
gur,,baál,son,,baál,,schmidt
gil,5198,jamac̣oó,son-in-law,,jamac̣oó,,schmidt
koh,5198,jamc̣ó,son-in-law,,jamc̣ó,,schmidt
gur,5198,jaməc̣óo,son-in-law,,jaməc̣óo,,schmidt
Astor,5198,jamac̣óo,son-in-law,,jamac̣óo,,schmidt
gil,12757,šerií,wife's brother,,šerií,,schmidt
koh,12757,šerií,wife's brother,,šerií,,schmidt
gur,12757,šaerí,wife's brother,,šaerí,,schmidt
Astor,12757,šairí,wife's brother,,šairí,,schmidt
gil,13736,cey,woman,,cey,,schmidt
koh,13736,céi,woman,,céi,,schmidt
gur,13736,céi,woman,,céi,,schmidt
Astor,13736,céi,woman,,céi,,schmidt
gil,3023,kóoṇ,arrow,,kóoṇ,,schmidt
koh,3023,kóoṇ,arrow,,kóoṇ,,schmidt
gur,3023,kóoṇ,arrow,,kóoṇ,,schmidt
Astor,3023,kóoṇ,arrow,,kóoṇ,,schmidt
gur,,tíir,arrow,,tíir,,schmidt
gil,,dáal,ashes,,dáal,,schmidt
gur,,dáal,ashes,,dáal,,schmidt
Astor,,dáal,ashes,,dáal,,schmidt
koh,12619,šóo,ashes,,šóo,,schmidt
gil,12323,šéen,bed,,šéen,,schmidt
koh,12323,šen,bed,,šen,,schmidt
gur,3781,khaṭ,bed,,khaṭ,,schmidt
Astor,3781,khaṭ,bed,,khaṭ,,schmidt
gur,,caarpái,bed,,caarpái,,schmidt
gil,5466,ṭíki,bread,,ṭíki,,schmidt
koh,5466,ṭíki,bread,,ṭíki,,schmidt
koh,5466,ṭíkki,bread,,ṭíkki,,schmidt
gur,5466,ṭíki,bread,,ṭíki,,schmidt
Astor,5466,ṭíki,bread,,ṭíki,,schmidt
koh,,chapóoro,churn,,chapóoro,,schmidt
gur,,c̣hapáru,churn,,c̣hapáru,,schmidt
gil,,tharíṅi,churn,,tharíṅi,,schmidt
Astor,5322,jagú,churn,,jagú,?,schmidt
gil,10244,múuṭo dut,curds,,múuṭo dut,,schmidt
koh,10244,múutho dut,curds,,múutho dut,,schmidt
gur,,cúrku dut,curds,,cúrku dut,,schmidt
Astor,,cúrko dut,curds,,cúrko dut,,schmidt
gur,,méel,curds,,méel,,schmidt
gur,,burús,curds,,burús,,schmidt
gil,13929,sáa~c̣e,dream,,sáa~c̣e,pl.,schmidt
koh,13929,sáac̣ho,dream,,sáac̣ho,,schmidt
gur,13929,sáac̣u,dream,,sáac̣u,,schmidt
Astor,13929,sáa~c̣o,dream,,sáa~c̣o,,schmidt
gil,8019,páaṣ,fertilizer,,páaṣ,,schmidt
koh,8019,páaṣ,fertilizer,,páaṣ,,schmidt
gur,8019,páaṣ,fertilizer,,páaṣ,,schmidt
Astor,8019,páaṣ,fertilizer,,páaṣ,,schmidt
gil,,swaác̣,fertilizer,,swaác̣,,schmidt
gil,3735,c̣héec̣,field,,c̣héec̣,,schmidt
gur,3735,c̣héec̣,field,,c̣héec̣,,schmidt
Astor,3735,c̣héec̣,field,,c̣héec̣,,schmidt
gil,11480,bári,field,,bári,?,schmidt
koh,,ḍóoli,field,,ḍóoli,,schmidt
Astor,,khái,field,,khái,,schmidt
koh,,phúu,fire,,phúu,,schmidt
gur,,pfúu,fire,,pfúu,,schmidt
Astor,,phúu,fire,,phúu,,schmidt
gil,125,agáar,fire,,agáar,,schmidt
gil,125,hagáar,fire,,hagáar,,schmidt
gur,125,aṅgáaru,fire,,aṅgáaru,,schmidt
gil,4501,gií,ghee,,gií,,schmidt
koh,4501,gií,ghee,,gií,,schmidt
gur,4501,gií,ghee,,gií,,schmidt
Astor,4501,gií,ghee,,gií,,schmidt
gil,10323,míi~,grease,,míi~,,schmidt
koh,10323,myú~,grease,,myú~,,schmidt
gur,10323,mií~,grease,,mií~,,schmidt
Astor,10323,míi~,grease,,míi~,,schmidt
koh,,carbíi,grease,,carbíi,,schmidt
gil,6343,diṭ,handspan,,diṭ,,schmidt
koh,6343,diṣ,handspan,,diṣ,,schmidt
gur,6343,dríṣṭɨ,handspan,,dríṣṭɨ,,schmidt
Astor,6343,diṣṭ,handspan,,diṣṭ,,schmidt
gil,9989,mac̣híi,honey,,mac̣híi,,schmidt
koh,9989,mac̣íi,honey,,mac̣íi,,schmidt
gur,9989,mac̣híi,honey,,mac̣híi,,schmidt
Astor,9989,mac̣híi,honey,,mac̣híi,,schmidt
gil,4336,góoṭ,house,,góoṭ,,schmidt
koh,4336,góoṣ,house,,góoṣ,,schmidt
gur,4336,góoṣ,house,,góoṣ,,schmidt
Astor,4336,goóṣ,house,,goóṣ,,schmidt
gur,,šikáar,house,,šikáar,,schmidt
gil,10442,yap,irrigation channel,,yap,,schmidt
koh,10442,yab,irrigation channel,,yab,,schmidt
gur,10442,yab,irrigation channel,,yab,,schmidt
Astor,10442,yap,irrigation channel,,yap,,schmidt
gil,,íi~l,irrigation channel,,íi~l,,schmidt
koh,,íil,irrigation channel,,íil,,schmidt
gur,,íil,irrigation channel,,íil,,schmidt
Astor,,íil,irrigation channel,,íil,,schmidt
gil,,hésko,loom,,hésko,,schmidt
koh,,éeṇi,loom,,éeṇi,,schmidt
gur,,vaán,loom,,vaán,,schmidt
gur,,luṭhúru,loom,,luṭhúru,,schmidt
gil,13839,phyóo~li,mattock (hoe),,phyóo~li,,schmidt
koh,13839,pheélo,mattock (hoe),,pheélo,,schmidt
gur,13839,phyóo~li,mattock (hoe),,phyóo~li,,schmidt
gil,,genṭí,mattock (hoe),,genṭí,,schmidt
koh,,genṭí,mattock (hoe),,genṭí,,schmidt
gur,,genṭí,mattock (hoe),,genṭí,,schmidt
Astor,,ginṭí,mattock (hoe),,ginṭí,,schmidt
Astor,,bel,mattock (hoe),,bel,,schmidt
gil,6391,dut,milk,,dut,,schmidt
koh,6391,dut,milk,,dut,,schmidt
gur,6391,dut,milk,,dut,,schmidt
Astor,6391,dut,milk,,dut,,schmidt
gil,,aṇaáwo,milk,,aṇaáwo,,schmidt
gil,7785,pon,path,,pon,,schmidt
koh,7785,pon,path,,pon,,schmidt
gur,7785,pon,path,,pon,,schmidt
Astor,7785,pon,path,,pon,,schmidt
gil,14000,hal,plow,,hal,,schmidt
koh,14000,hal,plow,,hal,,schmidt
gur,14000,hal,plow,,hal,,schmidt
Astor,14000,hal,plow,,hal,,schmidt
koh,12326,šaróon,roof,,šaróon,,schmidt
gur,12326,šarún,roof,,šarún,,schmidt
Astor,12326,šarín,roof,,šarín,,schmidt
gil,,táši,roof,,táši,,schmidt
gur,5731,tal,roof,,tal,,schmidt
koh,10978,luúṇi,salt,,luúṇi,,schmidt
gur,10978,luúṇi,salt,,luúṇi,,schmidt
gil,,pajúu,salt,,pajúu,,schmidt
Astor,,pajúu,salt,,pajúu,,schmidt
gil,10988,leéc̣,sickle,,leéc̣,,schmidt
koh,10988,léec̣i,sickle,,léec̣i,,schmidt
gil,,bisáac̣,sickle,,bisáac̣,,schmidt
gur,,óṅo,sickle,,óṅo,,schmidt
gur,,ó~ṅɨ,sickle,,ó~ṅɨ,,schmidt
Astor,6260,dáli,sickle,,dáli,?,schmidt
gil,6849,duúm,smoke,,duúm,,schmidt
koh,6849,duúm,smoke,,duúm,,schmidt
gur,6849,duúm,smoke,,duúm,,schmidt
Astor,6849,duúm,smoke,,duúm,,schmidt
gil,,cárko,spinning wheel,,cárko,,schmidt
koh,,cágar,spinning wheel,,cágar,,schmidt
Astor,,caáko,spinning wheel,,caáko,,schmidt
gur,10412,yo~ṣ,spinning wheel,,yo~ṣ,,schmidt
gil,3232,kúi,village,,kúi,,schmidt
gur,3232,kwíi,village,,kwíi,,schmidt
gil,,het,village,,het,,schmidt
Astor,,het,village,,het,,schmidt
Astor,4368,giróom,village,,giróom,,schmidt
koh,3500,kóoṭ,village,,kóoṭ,,schmidt
gil,3120,káaṭo,wood,,káaṭo,,schmidt
koh,3120,káaṭho,wood,,káaṭho,,schmidt
gur,3120,káaṭo,wood,,káaṭo,,schmidt
Astor,3120,káaṭho,wood,,káaṭho,,schmidt
gil,5399,juk,wood,,juk,,schmidt
gil,2892,kom,work,,kom,,schmidt
koh,2892,kom,work,,kom,,schmidt
gur,2892,krom,work,,krom,,schmidt
Astor,2892,krom,work,,krom,,schmidt
gil,12051,béej̣i,blue sky,,béej̣i,,schmidt
koh,12051,bíẓi,blue sky,,bíẓi,,schmidt
gur,12051,béj̣u,blue sky,,béj̣u,,schmidt
gil,549,áj̣o,cloud,,áj̣o,,schmidt
koh,549,áẓo,cloud,,áẓo,,schmidt
gur,549,áj̣u,cloud,,áj̣u,,schmidt
Astor,549,áẓo,cloud,,áẓo,,schmidt
gil,,burgaál,cloud,,burgaál,,schmidt
gur,,kavúu,cloud,,kavúu,,schmidt
gil,11743,bícuṣ,lightning,,bícuṣ,,schmidt
koh,11743,bícaṣ,lightning,,bícaṣ,,schmidt
gur,11743,bícuṣ,lightning,,bícuṣ,,schmidt
Astor,11743,bícuṣ,lightning,,bícuṣ,,schmidt
gur,5988,traṭ,lightning,,traṭ,,schmidt
gil,5301,yúun,moon,,yúun,,schmidt
koh,5301,yúun,moon,,yúun,,schmidt
gur,5301,yúun,moon,,yúun,,schmidt
Astor,5301,yúun,moon,,yúun,,schmidt
gil,549,áj̣o,rain,,áj̣o,,schmidt
koh,549,áẓo,rain,,áẓo,,schmidt
gur,549,áj̣u,rain,,áj̣u,,schmidt
Astor,549,áẓo,rain,,áẓo,,schmidt
gil,1009,agaáy,sky,,agaáy,,schmidt
gil,1009,hagáay,sky,,hagáay,,schmidt
gur,1009,aṅgaái,sky,,aṅgaái,,schmidt
koh,e50,asmán,sky,,asmán,,schmidt
Astor,e50,asmán,sky,,asmán,,schmidt
gil,12492,hin,snow,,hin,,schmidt
koh,12492,hin,snow,,hin,,schmidt
gur,12492,hin,snow,,hin,,schmidt
Astor,12492,hin,snow,,hin,,schmidt
gil,5798,táaro,star,,táaro,,schmidt
koh,5798,táaro,star,,táaro,,schmidt
gur,5798,táaru,star,,táaru,,schmidt
Astor,5798,táaro,star,,táaro,,schmidt
gil,13574,súuri,sun,,súuri,,schmidt
koh,13574,súuri,sun,,súuri,,schmidt
gur,13574,súuri,sun,,súuri,,schmidt
Astor,13574,súuri,sun,,súuri,,schmidt
gil,1921,wey,water,,wey,,schmidt
koh,1921,wói,water,,wói,,schmidt
koh,1921,wíi,water,,wíi,,schmidt
gur,1921,vói,water,,vói,,schmidt
Astor,1921,wói,water,,wói,,schmidt
gil,,óo~ši,wind,,óo~ši,,schmidt
gil,,óoši,wind,,óoši,,schmidt
koh,,óoši,wind,,óoši,,schmidt
gur,,íši,wind,,íši,,schmidt
gur,,óoši,wind,,óoši,,schmidt
Astor,,óoši,wind,,óoši,,schmidt
koh,,peeší,afternon,,peeší,,schmidt
gur,,peešín,afternon,,peešín,,schmidt
gil,,balakaál,afternon,,balakaál,,schmidt
Astor,,dazoó,afternon,,dazoó,,schmidt
gil,12329,šaróo,autumn,,šaróo,,schmidt
koh,12329,šaryóo,autumn,,šaryóo,,schmidt
gur,12329,šaróo,autumn,,šaróo,,schmidt
Astor,12329,šaróo,autumn,,šaróo,,schmidt
gil,6333,déez,day,,déez,,schmidt
koh,6333,deés,day,,deés,,schmidt
gur,6333,dées,day,,dées,,schmidt
Astor,6333,déez,day,,déez,,schmidt
gil,,chak,day,,chak,,schmidt
koh,,chak,day,,chak,,schmidt
gur,,chak,day,,chak,,schmidt
gur,13574,súuri,day,,súuri,,schmidt
gil,~12287c,šimšér,Saturday,,šimšér,,schmidt
Astor,~12287c,šimšér,Saturday,,šimšér,,schmidt
gur,,baṭaár,Saturday,,baṭaár,,schmidt
gil,~1154,adít,Sunday,,adít,,schmidt
koh,~1154,itváar,Sunday,,itváar,,schmidt
gur,~1154,aitvaár,Sunday,,aitvaár,,schmidt
gur,~1154,áathɨ vaár,Sunday,,áathɨ vaár,,schmidt
Astor,~1154,adít,Sunday,,adít,,schmidt
gil,,tsandúro,Monday,,tsandúro,,schmidt
gur,,tsa~draár,Monday,,tsa~draár,,schmidt
Astor,,tsandráalo,Monday,,tsandráalo,,schmidt
koh,~13610,suwáar,Monday,,suwáar,,schmidt
gil,126,aṅgáaro,Tuesday,,aṅgáaro,,schmidt
Astor,126,aṅgáaro,Tuesday,,aṅgáaro,,schmidt
gur,~9641,bóṅu vaár,Tuesday,,bóṅu vaár,,schmidt
gil,9322,bóodo,Wednesday,,bóodo,,schmidt
Astor,9322,bóodo,Wednesday,,bóodo,,schmidt
gur,~14720,bodvaár,Wednesday,,bodvaár,,schmidt
gil,9303,bréspat,Thursday,,bréspat,,schmidt
Astor,9303,bréspat,Thursday,,bréspat,,schmidt
gur,9305,brestvaár,Thursday,,brestvaár,,schmidt
gil,~12506,šúkur,Friday,,šúkur,,schmidt
Astor,~12506,šúkur,Friday,,šúkur,,schmidt
koh,,jumá,Friday,,jumá,,schmidt
gur,,jumáh,Friday,,jumáh,,schmidt
gil,,c̣iíriṅ,day after tomorrow,,c̣iíriṅ,,schmidt
gur,,c̣iíri,day after tomorrow,,c̣iíri,,schmidt
Astor,,c̣iíẓi,day after tomorrow,,c̣iíẓi,,schmidt
koh,,mút-chak,day after tomorrow,,mút-chak,,schmidt
gil,,khíri,down(hill),,khíri,,schmidt
koh,,khári,down(hill),,khári,,schmidt
gur,,khári,down(hill),,khári,,schmidt
Astor,,laáṭhi,down(hill),,laáṭhi,,schmidt
gil,,jil bey,east,,jil bey,,schmidt
koh,,nur xáataa,east,,nur xáataa,,schmidt
gur,,mašrík,east,,mašrík,,schmidt
Astor,,mašrík,east,,mašrík,,schmidt
gil,,šáam,evening,,šáam,,schmidt
gur,,šáam,evening,,šáam,,schmidt
koh,,beláa,evening,,beláa,,schmidt
koh,,beláaṛ,evening,,beláaṛ,,schmidt
Astor,,bazúko,evening,,bazúko,,schmidt
gil,,máaz,month,,máaz,,schmidt
koh,,móos,month,,móos,,schmidt
gur,,móos,month,,móos,,schmidt
Astor,,móos,month,,móos,,schmidt
koh,,besáak,Vaisakha,,besáak,,schmidt
gur,,vaaék,Vaisakha,,vaaék,,schmidt
gur,,wáihek,Vaisakha,,wáihek,,schmidt
koh,,jéeṭh,Jestha,,jéeṭh,,schmidt
gur,,jéeṭh,Jestha,,jéeṭh,,schmidt
gur,,zeeṣṭ,Jestha,,zeeṣṭ,,schmidt
koh,,haṛ,Asadh,,haṛ,,schmidt
koh,,haaṛh,Asadh,,haaṛh,,schmidt
gur,,háa,Asadh,,háa,,schmidt
koh,,paškál,Sravan,,paškál,,schmidt
gur,,šáawon,Sravan,,šáawon,,schmidt
koh,,bhaadró,Bhadra,,bhaadró,,schmidt
gur,,badirét,Bhadra,,badirét,,schmidt
gur,,báadret,Bhadra,,báadret,,schmidt
koh,,ássu,Ashvina,,ássu,,schmidt
koh,,katák,Kartika,,katák,,schmidt
gur,,kártik,Kartika,,kártik,,schmidt
gur,,kartiík,Kartika,,kartiík,,schmidt
koh,,magár,Marga,,magár,,schmidt
gur,,magár,Marga,,magár,,schmidt
koh,,póo,Pausha,,póo,,schmidt
gur,,póo,Pausha,,póo,,schmidt
gur,,poohóo,Pausha,,poohóo,,schmidt
gur,,máag,Magha,,máag,,schmidt
koh,,phagán,Phalguna,,phagán,,schmidt
gur,,phagún,Phalguna,,phagún,,schmidt
koh,,ceetár,Chaitra,,ceetár,,schmidt
gur,,tsíithɨr,Chaitra,,tsíithɨr,,schmidt
gil,,luṣṭikaál,morning,,luṣṭikaál,,schmidt
koh,,loṣkí,morning,,loṣkí,,schmidt
gur,,lóoṣṭ,morning,,lóoṣṭ,,schmidt
gur,,lóoṣṭei~,morning,,lóoṣṭei~,,schmidt
Astor,,lóoṣṭei~,morning,,lóoṣṭei~,,schmidt
gil,,calbúc,morning,,calbúc,,schmidt
gil,,ráati,night,,ráati,,schmidt
koh,,ráati,night,,ráati,,schmidt
gur,,ráati,night,,ráati,,schmidt
Astor,,ráati,night,,ráati,,schmidt
gil,,súuri deéc̣,sunny side of mountain,,súuri deéc̣,,schmidt
gil,,suréen,sunny side of mountain,,suréen,,schmidt
koh,,suréeṇ,sunny side of mountain,,suréeṇ,,schmidt
gur,,suréen,sunny side of mountain,,suréen,,schmidt
Astor,,suréen,sunny side of mountain,,suréen,,schmidt
koh,,chóri,shady side of mountain,,chóri,,schmidt
gur,,chóri,shady side of mountain,,chóri,,schmidt
gil,,cijoóṭ,shady side of mountain,,cijoóṭ,,schmidt
Astor,,cijoóṭ,shady side of mountain,,cijoóṭ,,schmidt
gil,,ucáai,seasonal migration,,ucáai,,schmidt
koh,,ujaái,seasonal migration,,ujaái,,schmidt
gur,,daróo~ bojoónu,seasonal migration,,daróo~ bojoónu,,schmidt
gil,,bazoóno,spring (season),,bazoóno,,schmidt
koh,,bazoódo,spring (season),,bazoódo,,schmidt
gur,,bazoónu,spring (season),,bazoónu,,schmidt
Astor,,bazanoó,spring (season),,bazanoó,,schmidt
gil,,uwáalo,summer,,uwáalo,,schmidt
koh,,wáalo,summer,,wáalo,,schmidt
gur,,wáalu,summer,,wáalu,,schmidt
Astor,,wáalo,summer,,wáalo,,schmidt
gil,,aš,today,,aš,,schmidt
koh,,aš,today,,aš,,schmidt
gur,,aš,today,,aš,,schmidt
Astor,,aš,today,,aš,,schmidt
gil,,ají,up(hill),,ají,,schmidt
gil,,ajíṭ,up(hill),,ajíṭ,,schmidt
koh,,ají,up(hill),,ají,,schmidt
gur,,ajá,up(hill),,ajá,,schmidt
koh,,húuṇ,up(hill),,húuṇ,,schmidt
Astor,,utháli,up(hill),,utháli,,schmidt
gil,,buúr bey,west,,buúr bey,,schmidt
koh,,qablá,west,,qablá,,schmidt
gur,,magríb,west,,magríb,,schmidt
Astor,,magríb,west,,magríb,,schmidt
gil,,yoóno,winter,,yoóno,,schmidt
koh,,yoódo,winter,,yoódo,,schmidt
gur,,yoónu,winter,,yoónu,,schmidt
Astor,,yoóno,winter,,yoóno,,schmidt
gil,,kaál,year,,kaál,,schmidt
koh,,kaál,year,,kaál,,schmidt
gil,,baríš,year,,baríš,,schmidt
gil,,sáal,year,,sáal,,schmidt
Astor,,sáal,year,,sáal,,schmidt
gil,,awéelo,year,,awéelo,,schmidt
gur,,avéelu,year,,avéelu,,schmidt
gil,,sum,earth,,sum,,schmidt
koh,,sum,earth,,sum,,schmidt
Astor,,sum,earth,,sum,,schmidt
gil,,birdí,earth,,birdí,,schmidt
koh,,uzmúke,earth,,uzmúke,,schmidt
gur,,zamíin,earth,,zamíin,,schmidt
gil,,bu~yá~l,earthquake,,bu~yá~l,,schmidt
koh,,myaál,earthquake,,myaál,,schmidt
gur,,mu~yál,earthquake,,mu~yál,,schmidt
gur,,bunílu,earthquake,,bunílu,,schmidt
Astor,,zilzilá,earthquake,,zilzilá,,schmidt
gil,,jeél,forest,,jeél,,schmidt
koh,,jeél,forest,,jeél,,schmidt
gur,,jeél,forest,,jeél,,schmidt
Astor,,jaṅgál,forest,,jaṅgál,,schmidt
gil,,niriíl,highest summer pasture,,niriíl,,schmidt
gur,,niríl,highest summer pasture,,niríl,,schmidt
Astor,,niríl,highest summer pasture,,niríl,,schmidt
koh,,maáli,highest summer pasture,,maáli,,schmidt
gil,,ṭhóko,hill,,ṭhóko,,schmidt
koh,,ṭhóko,hill,,ṭhóko,,schmidt
gur,,ṭhóku,hill,,ṭhóku,,schmidt
Astor,,thúko,hill,,thúko,,schmidt
gil,,huc̣,hill,,huc̣,,schmidt
koh,,huc̣,hill,,huc̣,,schmidt
gur,,huc̣,hill,,huc̣,,schmidt
gil,,khaṇ,mountain,,khaṇ,,schmidt
koh,,khoṇ,mountain,,khoṇ,,schmidt
koh,,khaṇ,mountain,,khaṇ,,schmidt
gur,,khoṇ,mountain,,khoṇ,,schmidt
gil,,c̣híi~ṣ,mountain,,c̣híi~ṣ,,schmidt
gur,,c̣híiṣ,mountain,,c̣híiṣ,,schmidt
Astor,,c̣híiṣ,mountain,,c̣híiṣ,,schmidt
gil,,sin,river,,sin,,schmidt
koh,,sin,river,,sin,,schmidt
gur,,sin,river,,sin,,schmidt
Astor,,sin,river,,sin,,schmidt
gil,,ga,river,,ga,,schmidt
koh,,ga,river,,ga,,schmidt
gur,,gáa,river,,gáa,,schmidt
Astor,,gah,river,,gah,,schmidt
gil,,sígal,sand,,sígal,,schmidt
koh,,sígal,sand,,sígal,,schmidt
gur,,síṅil,sand,,síṅil,,schmidt
Astor,,síṅel,sand,,síṅel,,schmidt
gil,,uts,spring (of water),,uts,,schmidt
koh,,utsh,spring (of water),,utsh,,schmidt
gur,,uts,spring (of water),,uts,,schmidt
Astor,,uts,spring (of water),,uts,,schmidt
gil,,baṭ,stone,,baṭ,,schmidt
koh,,baṭ,stone,,baṭ,,schmidt
gur,,baṭ,stone,,baṭ,,schmidt
Astor,,baṭ,stone,,baṭ,,schmidt
Astor,,gíiri,stone,,gíiri,,schmidt
gil,,philíili,ant,,philíili,,schmidt
koh,,phibíili,ant,,phibíili,,schmidt
gur,,pfiliíli,ant,,pfiliíli,,schmidt
Astor,,philíili,ant,,philíili,,schmidt
gil,,j̣akún,ass,,j̣akún,,schmidt
koh,,ẓakún,ass,,ẓakún,,schmidt
gur,,j̣akúṇ,ass,,j̣akúṇ,,schmidt
Astor,,ẓakún,ass,,ẓakún,,schmidt
gil,,i~c̣,beard,,i~c̣,,schmidt
koh,,ic̣h,beard,,ic̣h,,schmidt
gur,,ic̣,beard,,ic̣,,schmidt
Astor,,ic̣,beard,,ic̣,,schmidt
gil,,briṅ,bird,,briṅ,,schmidt
koh,,miṅ,pheasant,,miṅ,,schmidt
gur,,jaanəwáar,bird,,jaanəwáar,,schmidt
Astor,,cáai~,bird,,cáai~,,schmidt
gil,,harác̣in,sparrow,,harác̣in,,schmidt
koh,,cayaá,sparrow,,cayaá,,schmidt
gur,,cái,sparrow,,cái,,schmidt
gil,,dóono,bull,,dóono,,schmidt
gur,,dóonu,bull,,dóonu,,schmidt
Astor,,dóono,bull,,dóono,,schmidt
koh,,bhaák,bull,,bhaák,,schmidt
gil,,ḍuḍú~yo,bumblebee,,ḍuḍú~yo,,schmidt
koh,,guṅgúuṭo,bumblebee,,guṅgúuṭo,,schmidt
koh,,bhoráa,bumblebee,,bhoráa,,schmidt
gur,,ẓombuú,bumblebee,,ẓombuú,,schmidt
gil,,búušo,cat (m.),,búušo,,schmidt
koh,,púšo,cat (m.),,púšo,,schmidt
gur,,púšu,cat (m.),,púšu,,schmidt
Astor,,píšo,cat (m.),,píšo,,schmidt
gur,,gáñju,cat (m.),,gáñju,,schmidt
gil,,búuši,cat (f.),,búuši,,schmidt
koh,,púši,cat (f.),,púši,,schmidt
gur,,púši,cat (f.),,púši,,schmidt
Astor,,píši,cat (f.),,píši,,schmidt
gil,,káa~,crow,,káa~,,schmidt
koh,,qáa,crow,,qáa,,schmidt
gur,,káa,crow,,káa,,schmidt
Astor,,káa,crow,,káa,,schmidt
gil,,goó,cow,,goó,,schmidt
gil,,gáaw,cow,,gáaw,,schmidt
koh,,gáao,cow,,gáao,,schmidt
gur,,gaáu,cow,,gaáu,,schmidt
Astor,,gaáo,cow,,gaáo,,schmidt
gil,,šu~,dog,,šu~,,schmidt
koh,,šúu~,dog,,šúu~,,schmidt
gur,,šúu~,dog,,šúu~,,schmidt
Astor,,súu~,dog,,súu~,,schmidt
gil,,haṇeé,egg,,haṇeé,,schmidt
koh,,haṇó,egg,,haṇó,,schmidt
gur,,haṇoó~,egg,,haṇoó~,,schmidt
gur,,ṭhuúl,egg,,ṭhuúl,,schmidt
Astor,,ṭhuúl,egg,,ṭhuúl,,schmidt
gur,,páṭu,feather,,páṭu,,schmidt
gil,,phurguú,feather,,phurguú,,schmidt
gil,,pac̣háali,feather,,pac̣háali,,schmidt
koh,,pac̣háali,feather,,pac̣háali,,schmidt
Astor,,tíiri,feather,,tíiri,,schmidt
gil,,chúmu,fish,,chúmu,,schmidt
koh,,chúbo,fish,,chúbo,,schmidt
gur,,chímɨ,fish,,chímɨ,,schmidt
gur,,chúmo,fish,,chúmo,,schmidt
Astor,,chúmo,fish,,chúmo,,schmidt
gil,,píi~j̣o,flea,,píi~j̣o,,schmidt
koh,,píiẓo,flea,,píiẓo,,schmidt
gur,,príij̣o,flea,,príij̣o,,schmidt
Astor,,príiẓu,flea,,príiẓu,,schmidt
gur,,chatíilu,goat (m.),,chatíilu,,schmidt
koh,,thooṭ,goat (m.),,thooṭ,,schmidt
Astor,,thóo,goat (m.),,thóo,,schmidt
gil,,múgar,goat (m.),,múgar,,schmidt
koh,,múgar,goat (m.),,múgar,,schmidt
gil,,á~i~,goat (f.),,á~i~,,schmidt
gil,,ái,goat (f.),,ái,,schmidt
koh,,ái,goat (f.),,ái,,schmidt
gur,,ái,goat (f.),,ái,,schmidt
Astor,,ái,goat (f.),,ái,,schmidt
gil,,karkaámuš,hen,,karkaámuš,,schmidt
Astor,,karkaámuc,hen,,karkaámuc,,schmidt
koh,,kukwíi~,hen,,kukwíi~,,schmidt
gur,,kokói,hen,,kokói,,schmidt
gil,,ṣíṅo,horn,,ṣíṅo,,schmidt
koh,,ṣígo,horn,,ṣígo,,schmidt
gur,,šíṅu,horn,,šíṅu,,schmidt
Astor,,ṣíṅ,horn,,ṣíṅ,,schmidt
gil,,á~špo,horse,,á~špo,,schmidt
koh,,ášpoo,horse,,ášpoo,,schmidt
gur,,á~šp,horse,,á~šp,,schmidt
gur,,á~šɨp,horse,,á~šɨp,,schmidt
Astor,,á~šip,horse,,á~šip,,schmidt
gil,,juú~,louse,,juú~,,schmidt
koh,,juú~,louse,,juú~,,schmidt
gur,,juú~,louse,,juú~,,schmidt
Astor,,juú,louse,,juú,,schmidt
gil,,liíc̣,louse (nit),,liíc̣,,schmidt
koh,,liíc̣,louse (nit),,liíc̣,,schmidt
gur,,liíc̣,louse (nit),,liíc̣,,schmidt
Astor,,liíc̣,louse (nit),,liíc̣,,schmidt
gil,,múuj̣i,"mouse, rat",,múuj̣i,,schmidt
koh,,múuẓi,"mouse, rat",,múuẓi,,schmidt
gur,,múuj̣u,"mouse, rat",,múuj̣u,,schmidt
Astor,,múuj̣i,"mouse, rat",,múuj̣i,,schmidt
gil,,kaṅkaroóco,rooster,,kaṅkaroóco,,schmidt
Astor,,kaṅkaroóco,rooster,,kaṅkaroóco,,schmidt
koh,,kukúu~,rooster,,kukúu~,,schmidt
gur,,kokoó,rooster,,kokoó,,schmidt
gil,,éji,sheep,,éji,,schmidt
Astor,,ijíilo,sheep,,ijíilo,,schmidt
koh,,lac̣,sheep,,lac̣,,schmidt
gur,,lac̣,sheep,,lac̣,,schmidt
gil,,éji,ewe,,éji,,schmidt
gil,,ijíili,ewe,,ijíili,,schmidt
koh,,eš,ewe,,eš,,schmidt
gur,,eš,ewe,,eš,,schmidt
Astor,,eš,ewe,,eš,,schmidt
gil,,karéelo,ram,,karéelo,,schmidt
koh,,karaá,ram,,karaá,,schmidt
gur,,karaá,ram,,karaá,,schmidt
Astor,,karéelo,ram,,karéelo,,schmidt
gil,,un,ram,,un,,schmidt
gur,,šaróoṭu,ram,,šaróoṭu,,schmidt
gil,,jon,snake,,jon,,schmidt
gur,,jon,snake,,jon,,schmidt
Astor,,jon,snake,,jon,,schmidt
koh,,judraá,snake,,judraá,,schmidt
gil,,phacoó,tail,,phacoó,,schmidt
koh,,lamṭoó,tail,,lamṭoó,,schmidt
gur,,lamóoṭu,tail,,lamóoṭu,,schmidt
gur,,lamṭoó,tail,,lamṭoó,,schmidt
Astor,,lamóṭi,tail,,lamóṭi,,schmidt
gil,,iškáar,wasp,,iškáar,,schmidt
koh,,c̣ubúu,wasp,,c̣ubúu,,schmidt
Astor,,ẓombuú,wasp,,ẓombuú,,schmidt
gur,,bu~yaári,wasp,,bu~yaári,,schmidt
gil,,phalaá,apple,,phalaá,,schmidt
koh,,paloó,apple,,paloó,,schmidt
gur,,paloó,apple,,paloó,,schmidt
Astor,,paloó,apple,,paloó,,schmidt
gil,,jaroóṭi,apricot,,jaroóṭi,,schmidt
koh,,ẓaroóṭo,apricot,,ẓaroóṭo,,schmidt
gur,,jaroóṭɨ,apricot,,jaroóṭɨ,pl.,schmidt
Astor,,jaroóṭi,apricot,,jaroóṭi,,schmidt
gur,,phaṭóor,apricot,,phaṭóor,,schmidt
gil,,dílo,bark (of tree),,dílo,,schmidt
koh,,dílo,bark (of tree),,dílo,,schmidt
gur,,delú,bark (of tree),,delú,,schmidt
Astor,,dílo,bark (of tree),,dílo,,schmidt
gil,,yóo,barley,,yóo,,schmidt
koh,,yóo,barley,,yóo,,schmidt
gur,,yóo,barley,,yóo,,schmidt
Astor,,yóo,barley,,yóo,,schmidt
koh,,jóo~ẓi,birch,,jóo~ẓi,,schmidt
gur,,jóoji,birch,,jóoji,,schmidt
Astor,,jóo~ẓi,birch,,jóo~ẓi,,schmidt
gil,,buc̣,birch,,buc̣,,schmidt
gil,,phuluúṣ,cedar,,phuluúṣ,,schmidt
koh,,phulúuẓo,cedar,,phulúuẓo,,schmidt
gur,,déva daár,cedar,,déva daár,,schmidt
gur,,cíi,cedar,,cíi,,schmidt
Astor,,cilíi,cedar,,cilíi,,schmidt
gil,,phaág,fig (fruit),,phaág,,schmidt
koh,,phagwíi kúla,fig (fruit),,phagwíi kúla,,schmidt
Astor,,pfaák,fig (fruit),,pfaák,,schmidt
gur,,káa~ á~šɨp,fig (fruit),,káa~ á~šɨp,,schmidt
gur,,phaṭóoru,fig (fruit),,phaṭóoru,,schmidt
gil,,j̣ac̣,grape(s),,j̣ac̣,,schmidt
koh,,ẓac̣,grape(s),,ẓac̣,,schmidt
gur,,daṣ,grape(s),,daṣ,,schmidt
gur,,dáṣṭom,grape(s),,dáṣṭom,,schmidt
Astor,,j̣ac̣,grape(s),,j̣ac̣,,schmidt
gil,,kac̣,grass/fodder,,kac̣,,schmidt
koh,,kac̣,grass/fodder,,kac̣,,schmidt
gur,,kac̣,grass/fodder,,kac̣,,schmidt
gil,,car,grass/fodder,,car,,schmidt
gil,,páṭo,leaf,,páṭo,,schmidt
koh,,páṭho,leaf,,páṭho,,schmidt
gur,,páṭu,leaf,,páṭu,,schmidt
Astor,,páṭo,leaf,,páṭo,,schmidt
gil,,makáy,maize,,makáy,,schmidt
koh,,makái,maize,,makái,,schmidt
gur,,makái,maize,,makái,,schmidt
Astor,,makíi,maize,,makíi,,schmidt
gil,,maróoc̣,mulberry tree,,maróoc̣,,schmidt
koh,,maróoc̣o,mulberry tree,,maróoc̣o,,schmidt
gur,,marúc̣,mulberry tree,,marúc̣,,schmidt
Astor,,maróoc̣,mulberry tree,,maróoc̣,,schmidt
gil,,daṇúu~,pomegranate,,daṇúu~,,schmidt
koh,,daṇúu~,pomegranate,,daṇúu~,,schmidt
gur,,daṇú~,pomegranate,,daṇú~,,schmidt
Astor,,daṇúu~,pomegranate,,daṇúu~,,schmidt
gil,,phaltsí,poplar,,phaltsí,,schmidt
gur,,phra~ts,poplar,,phra~ts,,schmidt
Astor,,phrats,poplar,,phrats,,schmidt
koh,,cheríṣ,root,,cheríṣ,,schmidt
gur,,chiríṣ,root,,chiríṣ,,schmidt
Astor,,chiríṣ,root,,chiríṣ,,schmidt
gil,,mulií,root,,mulií,,schmidt
gil,,bíi,seed,,bíi,,schmidt
koh,,bíi,seed,,bíi,,schmidt
gur,,bíi,seed,,bíi,,schmidt
Astor,,bíi,seed,,bíi,,schmidt
gil,,múṭo,tree,,múṭo,,schmidt
koh,,múṭho,tree,,múṭho,,schmidt
gil,,tom,tree,,tom,,schmidt
koh,,tom,tree,,tom,,schmidt
gur,,tom,tree,,tom,,schmidt
Astor,,tom,tree,,tom,,schmidt
gil,,ac̣hoó,walnut,,ac̣hoó,,schmidt
koh,,ac̣hoó,walnut,,ac̣hoó,,schmidt
gur,,ac̣hoó,walnut,,ac̣hoó,,schmidt
koh,,khakáy,walnut,,khakáy,,schmidt
Astor,,kakái~,walnut,,kakái~,,schmidt
gil,,bew,willow,,bew,,schmidt
koh,,byo~,willow,,byo~,,schmidt
gur,,béi~,willow,,béi~,,schmidt
gil,,zamoók,to beat,,zamoók,,schmidt
koh,,ḍagoón,to beat,,ḍagoón,,schmidt
gur,,kuṭyoónu,to beat,,kuṭyoónu,,schmidt
Astor,,kuṭoónu,to beat,,kuṭoónu,,schmidt
gil,,capoók,to bite,,capoók,,schmidt
koh,,capoón,to bite,,capoón,,schmidt
gur,,capyoónu,to bite,,capyoónu,,schmidt
Astor,,j̣an thoónu,to bite,,j̣an thoónu,,schmidt
gil,,dajoók,to burn (intr.),,dajoók,,schmidt
koh,,dajoón,to burn (intr.),,dajoón,,schmidt
gur,,dajoónu,to burn (intr.),,dajoónu,,schmidt
Astor,,dajoónu,to burn (intr.),,dajoónu,,schmidt
gil,,dayoók,to burn (tr.),,dayoók,,schmidt
koh,,dahoón,to burn (tr.),,dahoón,,schmidt
gur,,dayoónu,to burn (tr.),,dayoónu,,schmidt
Astor,,dayoónu,to burn (tr.),,dayoónu,,schmidt
gil,,wayoók,to come,,wayoók,,schmidt
koh,,ayoón,to come,,ayoón,,schmidt
gur,,oónu,to come,,oónu,,schmidt
gur,,ayoónu,to come,,ayoónu,,schmidt
Astor,,wazoónu,to come,,wazoónu,,schmidt
gil,,roók,to cry,,roók,,schmidt
koh,,roón,to cry,,roón,,schmidt
gur,,roónu,to cry,,roónu,,schmidt
Astor,,roónu,to cry,,roónu,,schmidt
gur,,hívɨ dyoónu,to cry,,hívɨ dyoónu,,schmidt
gil,,miroók,to die,,miroók,,schmidt
koh,,miryoón,to die,,miryoón,,schmidt
gur,,miryoónu,to die,,miryoónu,,schmidt
Astor,,miroónu,to die,,miroónu,,schmidt
gil,,piyoók,to drink,,piyoók,,schmidt
koh,,pyoón,to drink,,pyoón,,schmidt
gur,,piyoónu,to drink,,piyoónu,,schmidt
Astor,,piyoónu,to drink,,piyoónu,,schmidt
gil,,khoók,to eat,,khoók,,schmidt
koh,,khoón,to eat,,khoón,,schmidt
gur,,khoónu,to eat,,khoónu,,schmidt
Astor,,khoónu,to eat,,khoónu,,schmidt
gil,,thar doók,to fly,,thar doók,,schmidt
koh,,thor doón,to fly,,thor doón,,schmidt
gur,,talée dyoónu,to fly,,talée dyoónu,,schmidt
Astor,,hun boónu,to fly,,hun boónu,,schmidt
gil,,doók,to give,,doók,,schmidt
koh,,doón,to give,,doón,,schmidt
gur,,dyoónu,to give,,dyoónu,,schmidt
Astor,,doónu,to give,,doónu,,schmidt
gil,,bujoók,to go,,bujoók,,schmidt
koh,,bojoón,to go,,bojoón,,schmidt
gur,,bojoónu,to go,,bojoónu,,schmidt
Astor,,bujoónu,to go,,bujoónu,,schmidt
gil,,loók,to harvest,,loók,,schmidt
koh,,loón,to harvest,,loón,,schmidt
gur,,lyoónu,to harvest,,lyoónu,,schmidt
gil,,leéc̣ thoók,to harvest,,leéc̣ thoók,,schmidt
Astor,,curúk thoónu,to harvest,,curúk thoónu,,schmidt
gil,,parujoók,to hear,,parujoók,,schmidt
gur,,parjoónu,to hear,,parjoónu,,schmidt
Astor,,parjoónu,to hear,,parjoónu,,schmidt
koh,,ṣuṇoón,to hear,,ṣuṇoón,,schmidt
gil,,maroók,to kill,,maroók,,schmidt
koh,,maroon,to kill,,maroon,,schmidt
gur,,maryoónu,to kill,,maryoónu,,schmidt
Astor,,maroónu,to kill,,maroónu,,schmidt
gil,,daṣṭoók,to know,,daṣṭoók,,schmidt
koh,,lac̣hoón,to know,,lac̣hoón,,schmidt
gur,,daṣṭyoónu,to know,,daṣṭyoónu,,schmidt
Astor,,daṣṭhoónu,to know,,daṣṭhoónu,,schmidt
gil,,su~yoók,to know,,su~yoók,,schmidt
koh,,siyoón,to know,,siyoón,,schmidt
gil,,hayijoók,to laugh,,hayijoók,,schmidt
gil,,hayoók,to laugh,,hayoók,,schmidt
koh,,hazoón,to laugh,,hazoón,,schmidt
gur,,hajoónu,to laugh,,hajoónu,,schmidt
Astor,,hazoónu,to laugh,,hazoónu,,schmidt
gil,,ṭaám boók,to lie (down),,ṭaám boók,,schmidt
gur,,ṭam boónu,to lie (down),,ṭam boónu,,schmidt
gil,,j̣eék boók,to lie (down),,j̣eék boók,,schmidt
koh,,ẓeék boón,to lie (down),,ẓeék boón,,schmidt
Astor,,j̣ek boók,to lie (down),,j̣ek boók,,schmidt
gil,,rayoók,to say,,rayoók,,schmidt
koh,,razoón,to say,,razoón,,schmidt
gur,,rajoónu,to say,,rajoónu,,schmidt
Astor,,razoónu,to say,,razoónu,,schmidt
gil,,pašoók,to see,,pašoók,,schmidt
koh,,pašoón,to see,,pašoón,,schmidt
gur,,pašoónu,to see,,pašoónu,,schmidt
gil,,c̣akoók,to see,,c̣akoók,,schmidt
koh,,c̣akoón,to see,,c̣akoón,,schmidt
gur,,c̣akyoónu,to see,,c̣akyoónu,,schmidt
Astor,,c̣akoónu,to see,,c̣akoónu,,schmidt
gil,,bayoók,to sit,,bayoók,,schmidt
koh,,byoón,to sit,,byoón,,schmidt
gur,,byoónu,to sit,,byoónu,,schmidt
Astor,,biyoónu,to sit,,biyoónu,,schmidt
gil,,soók,to sleep,,soók,,schmidt
gur,,soónu,to sleep,,soónu,,schmidt
Astor,,soónu,to sleep,,soónu,,schmidt
koh,,níiṣ thoón,to sleep,,níiṣ thoón,,schmidt
gil,,cóko book,to stand,,cóko book,,schmidt
koh,,cóko boon,to stand,,cóko boon,,schmidt
gur,,cok boónu,to stand,,cok boónu,,schmidt
Astor,,hun boónu,to stand,,hun boónu,,schmidt
gil,,uthyoók,to stand,,uthyoók,,schmidt
koh,,uthyoón,to stand,,uthyoón,,schmidt
gil,,taroók,to swim,,taroók,,schmidt
koh,,taroón,to swim,,taroón,,schmidt
gil,,tam doók,to swim,,tam doók,,schmidt
gur,,tam dyoónu,to swim,,tam dyoónu,,schmidt
Astor,,tam doónu,to swim,,tam doónu,,schmidt
gur,,núuš dyoónu,to swim,,núuš dyoónu,,schmidt
gil,,yayoók,to walk,,yayoók,,schmidt
koh,,yaazoón,to walk,,yaazoón,,schmidt
gur,,yajoónu,to walk,,yajoónu,,schmidt
Astor,,yazoónu,to walk,,yazoónu,,schmidt
gil,,dujoók,to wash (tr.),,dujoók,,schmidt
koh,,dijaaroón,to wash (tr.),,dijaaroón,,schmidt
gur,,dijaaryoónu,to wash (tr.),,dijaaryoónu,,schmidt
Astor,,dijaroónu,to wash (tr.),,dijaroónu,,schmidt
koh,,básko,all (countable),,básko,,schmidt
gur,,básko,all (countable),,básko,,schmidt
gil,,búṭo,all (countable),,búṭo,sg.,schmidt
Astor,,puúro,all (countable),,puúro,,schmidt
gil,,búṭa,all (uncountable),,búṭa,pl.,schmidt
koh,,búṭa,all (uncountable),,búṭa,,schmidt
gur,,búṭɨ,all (uncountable),,búṭɨ,,schmidt
gur,,láa,all (uncountable),,láa,,schmidt
Astor,,puúro,all (uncountable),,puúro,,schmidt
gil,,báṛo,big,,báṛo,,schmidt
koh,,báṛo,big,,báṛo,,schmidt
gur,,báṛu,big,,báṛu,,schmidt
Astor,,báṛo,big,,báṛo,,schmidt
gil,,c̣íṭo,bitter,,c̣íṭo,,schmidt
koh,,cíṭo,bitter,,cíṭo,,schmidt
gur,,cíṭu,bitter,,cíṭu,,schmidt
Astor,,c̣íṭo,bitter,,c̣íṭo,,schmidt
gil,,kíṇo,black,,kíṇo,,schmidt
koh,,kíṇo,black,,kíṇo,,schmidt
gur,,kíṇu,black,,kíṇu,,schmidt
Astor,,kíṇo,black,,kíṇo,,schmidt
gil,,ṣéwo,blind,,ṣéwo,,schmidt
koh,,ṣéeo,blind,,ṣéeo,,schmidt
gur,,šéeu,blind,,šéeu,,schmidt
Astor,,ṣeéo,blind,,ṣeéo,,schmidt
gil,,šidálo,cold,,šidálo,,schmidt
koh,,c̣hahúu~,cold,,c̣hahúu~,,schmidt
gur,,c̣aúu~,cold,,c̣aúu~,,schmidt
gur,,c̣awúu~,cold,,c̣awúu~,,schmidt
Astor,,c̣aúu~,cold,,c̣aúu~,,schmidt
gil,,súkho,dry,,súkho,,schmidt
koh,,šúkho,dry,,šúkho,,schmidt
gur,,šúku,dry,,šúku,,schmidt
Astor,,šúku,dry,,šúku,,schmidt
gil,,a~ṣ,eight,,a~ṣ,,schmidt
koh,,a~ṣ,eight,,a~ṣ,,schmidt
gur,,a~ṣṭ,eight,,a~ṣṭ,,schmidt
Astor,,a~ṣ,eight,,a~ṣ,,schmidt
gil,,aṣṭáa~y,eighteen,,aṣṭáa~y,,schmidt
koh,,aṣṭáa~i,eighteen,,aṣṭáa~i,,schmidt
gur,,a~ṣṭáai,eighteen,,a~ṣṭáai,,schmidt
Astor,,aṣṭáa~i,eighteen,,aṣṭáa~i,,schmidt
gil,,akáay,eleven,,akáay,,schmidt
koh,,akáai,eleven,,akáai,,schmidt
gur,,akáai,eleven,,akáai,,schmidt
Astor,,akáai,eleven,,akáai,,schmidt
gil,,aápe,few,,aápe,,schmidt
koh,,ápa,few,,ápa,,schmidt
gur,,ápo,few,,ápo,,schmidt
Astor,,ápo,few,,ápo,,schmidt
gur,,jéek,few,,jéek,,schmidt
gil,,panzéy,fifteen,,panzéy,,schmidt
koh,,panzílee,fifteen,,panzílee,,schmidt
gur,,pa~zulé~i~,fifteen,,pa~zulé~i~,,schmidt
Astor,,pazilí~,fifteen,,pazilí~,,schmidt
gil,,poš,five,,poš,,schmidt
koh,,poš,five,,poš,,schmidt
gur,,po~š,five,,po~š,,schmidt
Astor,,po~š,five,,po~š,,schmidt
gil,,díbu-ga ek,forty-one,,díbu-ga ek,,schmidt
koh,,díbu-ga ek,forty-one,,díbu-ga ek,,schmidt
gur,,dúbi-gə ek,forty-one,,dúbi-gə ek,,schmidt
Astor,,díbu-ga ek,forty-one,,díbu-ga ek,,schmidt
gil,,cáar,four,,cáar,,schmidt
koh,,cáar,four,,cáar,,schmidt
gur,,cáar,four,,cáar,,schmidt
Astor,,cáar,four,,cáar,,schmidt
gil,,coóndei,fourteen,,coóndei,,schmidt
koh,,cahú~dee,fourteen,,cahú~dee,,schmidt
gur,,codé~i~,fourteen,,codé~i~,,schmidt
Astor,,coóde~i~,fourteen,,coóde~i~,,schmidt
gil,,ṣek,full,,ṣek,,schmidt
gil,,ṣak,full,,ṣak,,schmidt
gur,,ṣek,full,,ṣek,,schmidt
Astor,,ṣek,full,,ṣek,,schmidt
koh,,phúuṇo,full,,phúuṇo,,schmidt
gil,,míṣṭo,good,,míṣṭo,,schmidt
koh,,míṣṭho,good,,míṣṭho,,schmidt
gur,,míṣṭhu,good,,míṣṭhu,,schmidt
Astor,,míṣṭhu,good,,míṣṭhu,,schmidt
gil,,sam,good,,sam,,schmidt
koh,,sam,good,,sam,,schmidt
gur,,siyóo,good,,siyóo,,schmidt
gil,,níilo,green,,níilo,,schmidt
koh,,níilo,green,,níilo,,schmidt
gur,,níilu,green,,níilu,,schmidt
Astor,,níilu,green,,níilu,,schmidt
gil,,taáto,hot,,taáto,,schmidt
koh,,táto,hot,,táto,,schmidt
gur,,tátu,hot,,tátu,,schmidt
Astor,,tátto,hot,,tátto,,schmidt
gil,,šal,hundred,,šal,,schmidt
koh,,šal,hundred,,šal,,schmidt
gur,,šal,hundred,,šal,,schmidt
Astor,,šal,hundred,,šal,,schmidt
gil,,uyáno,hungry,,uyáno,,schmidt
gur,,unyaálu,hungry,,unyaálu,,schmidt
gil,,niráno,hungry,,niráno,,schmidt
koh,,niroóno,hungry,,niroóno,,schmidt
gur,,niróṇu,hungry,,niróṇu,,schmidt
Astor,,nirónu,hungry,,nirónu,,schmidt
gil,,khábo,left (direction),,khábo,,schmidt
koh,,khábooto,left (direction),,khábooto,,schmidt
gur,,kha,left (direction),,kha,,schmidt
gur,,khái,left (direction),,khái,,schmidt
Astor,,kháau,left (direction),,kháau,,schmidt
gil,,j̣ígo,long,,j̣ígo,,schmidt
koh,,ẓígo,long,,ẓígo,,schmidt
gur,,j̣ígu,long,,j̣ígu,,schmidt
gil,,laáwo,many,,laáwo,,schmidt
koh,,láa,many,,láa,,schmidt
gur,,láa,many,,láa,,schmidt
Astor,,láa,many,,láa,,schmidt
gil,,tušáar,many,,tušáar,,schmidt
gur,,tišáar,many,,tišáar,,schmidt
gil,,naáwo,new,,naáwo,,schmidt
koh,,nóo~,new,,nóo~,,schmidt
gur,,náa~,new,,náa~,,schmidt
Astor,,náu~,new,,náu~,,schmidt
gil,,naw,nine,,naw,,schmidt
koh,,ná~o~,nine,,ná~o~,,schmidt
gur,,náu,nine,,náu,,schmidt
Astor,,náu,nine,,náu,,schmidt
gil,,kunií,nineteen,,kunií,,schmidt
koh,,ukaníi~,nineteen,,ukaníi~,,schmidt
gur,,kunií,nineteen,,kunií,,schmidt
Astor,,kuniíh,nineteen,,kuniíh,,schmidt
gil,,járo,old (person),,járo,,schmidt
koh,,járo,old (person),,járo,,schmidt
gur,,járu,old (person),,járu,,schmidt
Astor,,járo,old (person),,járo,,schmidt
gil,,ek,one,,ek,,schmidt
koh,,ek,one,,ek,,schmidt
gur,,ek,one,,ek,,schmidt
Astor,,ek,one,,ek,,schmidt
gil,,loólyo,red,,loólyo,,schmidt
koh,,lhiílo,red,,lhiílo,,schmidt
gur,,loólu,red,,loólu,,schmidt
Astor,,loólo,red,,loólo,,schmidt
gil,,dac̣híno,right (direction),,dac̣híno,,schmidt
gil,,dac̣hiboóm,right (direction),,dac̣hiboóm,,schmidt
koh,,dac̣híṇo,right (direction),,dac̣híṇo,,schmidt
gur,,dac̣íṇu,right (direction),,dac̣íṇu,,schmidt
Astor,,daṣínu,right (direction),,daṣínu,,schmidt
gil,,biḍiríko,round,,biḍiríko,,schmidt
koh,,ḍiḍuúro,round,,ḍiḍuúro,,schmidt
gur,,ḍuḍuúru,round,,ḍuḍuúru,,schmidt
Astor,,ḍiḍuúro,round,,ḍiḍuúro,,schmidt
gil,,sat,seven,,sat,,schmidt
koh,,sat,seven,,sat,,schmidt
gur,,sat,seven,,sat,,schmidt
Astor,,sat,seven,,sat,,schmidt
gil,,sattáa~y,seventeen,,sattáa~y,,schmidt
koh,,sattáa~i~,seventeen,,sattáa~i~,,schmidt
gur,,sattáai,seventeen,,sattáai,,schmidt
Astor,,sattáa~i~,seventeen,,sattáa~i~,,schmidt
gil,,tíino,sharp,,tíino,,schmidt
koh,,tíiṇo,sharp,,tíiṇo,,schmidt
gur,,tíiṇu,sharp,,tíiṇu,,schmidt
Astor,,tíiṇo,sharp,,tíiṇo,,schmidt
gil,,ṣa,six,,ṣa,,schmidt
koh,,ṣa,six,,ṣa,,schmidt
gur,,ṣa,six,,ṣa,,schmidt
Astor,,ṣa,six,,ṣa,,schmidt
gil,,ṣóo~y,sixteen,,ṣóo~y,,schmidt
koh,,ṣóo~i,sixteen,,ṣóo~i,,schmidt
gur,,ṣóo~i,sixteen,,ṣóo~i,,schmidt
Astor,,ṣói~,sixteen,,ṣói~,,schmidt
gil,,cúno,small,,cúno,,schmidt
koh,,cúṇo,small,,cúṇo,,schmidt
gur,,cúṇu,small,,cúṇu,,schmidt
Astor,,khúṭu,small,,khúṭu,,schmidt
gil,,cúrko,sour,,cúrko,,schmidt
koh,,cúko,sour,,cúko,,schmidt
gur,,cúrku,sour,,cúrku,,schmidt
Astor,,cúrko,sour,,cúrko,,schmidt
gil,,day,ten,,day,,schmidt
koh,,dáai,ten,,dáai,,schmidt
gur,,dái,ten,,dái,,schmidt
Astor,,dái,ten,,dái,,schmidt
gil,,c̣óo~y,thirteen,,c̣óo~y,,schmidt
koh,,c̣óoi,thirteen,,c̣óoi,,schmidt
gur,,c̣ói,thirteen,,c̣ói,,schmidt
gur,,c̣óoi,thirteen,,c̣óoi,,schmidt
Astor,,c̣ói~,thirteen,,c̣ói~,,schmidt
gil,,bií-ga kunií,thirty-nine,,bií-ga kunií,,schmidt
koh,,bhyo ukaníi~,thirty-nine,,bhyo ukaníi~,,schmidt
gur,,bi-gə kunií,thirty-nine,,bi-gə kunií,,schmidt
Astor,,bií-ga kuniíh,thirty-nine,,bií-ga kuniíh,,schmidt
gil,,c̣ée,three,,c̣ée,,schmidt
koh,,c̣ée,three,,c̣ée,,schmidt
gur,,c̣e,three,,c̣e,,schmidt
Astor,,c̣ée,three,,c̣ée,,schmidt
gil,,hazáar,thousand,,hazáar,,schmidt
gil,,saá~s,thousand,,saá~s,,schmidt
gur,,sáas,thousand,,sáas,,schmidt
koh,,zir,thousand,,zir,,schmidt
Astor,,dái šal,thousand,,dái šal,,schmidt
gil,,báay,twelve,,báay,,schmidt
koh,,báai,twelve,,báai,,schmidt
gur,,báai,twelve,,báai,,schmidt
Astor,,báai,twelve,,báai,,schmidt
gil,,bií,twenty,,bií,,schmidt
koh,,bií,twenty,,bií,,schmidt
gur,,bií,twenty,,bií,,schmidt
Astor,,bií,twenty,,bií,,schmidt
gil,,bií-ga naw,twenty-nine,,bií-ga naw,,schmidt
koh,,bhyo na~o~,twenty-nine,,bhyo na~o~,,schmidt
gur,,bi-gə náu,twenty-nine,,bi-gə náu,,schmidt
Astor,,bií-ga náu,twenty-nine,,bií-ga náu,,schmidt
gil,,dúu,two,,dúu,,schmidt
koh,,dúu,two,,dúu,,schmidt
gur,,dúu,two,,dúu,,schmidt
Astor,,du,two,,du,,schmidt
gil,,šáyo,white,,šáyo,,schmidt
koh,,šóo,white,,šóo,,schmidt
gur,,šóo,white,,šóo,,schmidt
Astor,,šéeo,white,,šéeo,,schmidt
gil,,halíj̣o,yellow,,halíj̣o,,schmidt
koh,,píilo,yellow,,píilo,,schmidt
gur,,píilu,yellow,,píilu,,schmidt
gur,,kumúu~mu,yellow,,kumúu~mu,,schmidt
Astor,,komúmo,yellow,,komúmo,,schmidt
gil,,ro,he,,ro,,schmidt
gil,,ros,he,,ros,,schmidt
koh,,sa,he,,sa,,schmidt
koh,,sési,he,,sési,,schmidt
gur,,so,he,,so,,schmidt
gur,,j̣o,he,,j̣o,,schmidt
gur,,aá,he,,aá,,schmidt
gil,,ri,he (pl.),,ri,,schmidt
gil,,ris,he (pl.),,ris,,schmidt
gur,,senó~,he (pl.),,senó~,,schmidt
gur,,j̣esé~i~,he (pl.),,j̣esé~i~,,schmidt
gur,,aásé~i~,he (pl.),,aásé~i~,,schmidt
gil,,ma,I,,ma,,schmidt
gil,,mas,I,,mas,,schmidt
koh,,mo,I,,mo,,schmidt
koh,,mo~,I,,mo~,,schmidt
gur,,muʔ,I,,muʔ,,schmidt
gur,,mé~i~,I,,mé~i~,,schmidt
Astor,,mu~h,I,,mu~h,,schmidt
gil,,ne,not,,ne,,schmidt
gil,,neé,not,,neé,,schmidt
koh,,na,not,,na,,schmidt
koh,,neé~,not,,neé~,,schmidt
koh,,niš,not,,niš,,schmidt
gur,,neʔ,not,,neʔ,,schmidt
gur,,niš,not,,niš,,schmidt
gil,,re,she,,re,,schmidt
gil,,res,she,,res,,schmidt
koh,,sa,she,,sa,,schmidt
koh,,sésoo,she,,sésoo,,schmidt
gur,,se,she,,se,,schmidt
gur,,j̣e,she,,j̣e,,schmidt
gur,,aá,she,,aá,,schmidt
gur,,seso~,she (pl.),,seso~,,schmidt
gur,,j̣eso~,she (pl.),,j̣eso~,,schmidt
gur,,aáso~,she (pl.),,aáso~,,schmidt
gil,,oó,"they (m., dist.)",,oó,,schmidt
koh,,sa,"they (m., dist.)",,sa,,schmidt
koh,,seṇáa,"they (m., dist.)",,seṇáa,,schmidt
gur,,se,"they (m., dist.)",,se,,schmidt
gur,,j̣e,"they (m., dist.)",,j̣e,,schmidt
gur,,aá,"they (m., dist.)",,aá,,schmidt
gur,,ses,"they (m., dist., pl.?)",,ses,,schmidt
gur,,j̣es,"they (m., dist., pl.?)",,j̣es,,schmidt
gur,,aás,"they (m., dist., pl.?)",,aás,,schmidt
gil,,oó,"they (f., dist.)",,oó,,schmidt
koh,,sa,"they (f., dist.)",,sa,,schmidt
koh,,seṇáa,"they (f., dist.)",,seṇáa,,schmidt
gur,,sǽæ,"they (f., dist.)",,sǽæ,,schmidt
gur,,j̣ǽæ,"they (f., dist.)",,j̣ǽæ,,schmidt
gur,,ayáa,"they (f., dist.)",,ayáa,,schmidt
gur,,sǽæs,"they (f., dist., pl.?)",,sǽæs,,schmidt
gur,,j̣ǽæs,"they (f., dist., pl.?)",,j̣ǽæs,,schmidt
gur,,ayáas,"they (f., dist., pl.?)",,ayáas,,schmidt
koh,,ye,"they (m., prox.)",,ye,,schmidt
koh,,yeṇáa,"they (m., prox.)",,yeṇáa,,schmidt
gur,,anyáa,"they (m., prox.)",,anyáa,,schmidt
koh,,ye,"they (f., prox.)",,ye,,schmidt
koh,,yeṇáa,"they (f., prox.)",,yeṇáa,,schmidt
gur,,anyáa,"they (f., prox.)",,anyáa,,schmidt
gil,,oó,that (m.),,oó,,schmidt
koh,,asá,that (m.),,asá,,schmidt
koh,,asési,that (m.),,asési,,schmidt
gur,,peraá,that (m.),,peraá,,schmidt
gur,,paraá,that (m.),,paraá,,schmidt
gil,,eé,that (f.),,eé,,schmidt
koh,,asá,that (f.),,asá,,schmidt
koh,,asésoo,that (f.),,asésoo,,schmidt
Astor,,aá,that (f.),,aá,,schmidt
gil,,anú,this (m.),,anú,,schmidt
gil,,anús,this (m.),,anús,,schmidt
koh,,aáe,this (m.),,aáe,,schmidt
koh,,aáysi,this (m.),,aáysi,,schmidt
gur,,anú,this (m.),,anú,,schmidt
gur,,nu,this (m.),,nu,,schmidt
Astor,,anúh,this (m.),,anúh,,schmidt
gil,,ané,this (f.),,ané,,schmidt
gil,,anés,this (f.),,anés,,schmidt
koh,,aáe,this (f.),,aáe,,schmidt
koh,,aáysoo,this (f.),,aáysoo,,schmidt
gur,,aní,this (f.),,aní,,schmidt
Astor,,aníh,this (f.),,aníh,,schmidt
gil,,ni,these,,ni,,schmidt
gil,,nis,these,,nis,,schmidt
koh,,aáe,these,,aáe,,schmidt
gil,,be,we,,be,,schmidt
gil,,bes,we,,bes,,schmidt
koh,,be,we,,be,,schmidt
koh,,asáa,we,,asáa,,schmidt
gur,,beʔ,we,,beʔ,,schmidt
Astor,,be,we,,be,,schmidt
Astor,,bes,we,,bes,,schmidt
gil,,jéek,what?,,jéek,,schmidt
gil,,je,what?,,je,,schmidt
koh,,jóo,what?,,jóo,,schmidt
koh,,káa,what?,,káa,,schmidt
gur,,jóok,what?,,jóok,,schmidt
Astor,,yóok,what?,,yóok,,schmidt
gil,,koó,who? (m.),,koó,,schmidt
gil,,koós,who? (m.),,koós,,schmidt
koh,,koé,who? (m.),,koé,,schmidt
gur,,koóe,who? (m.),,koóe,,schmidt
Astor,,koí,who? (m.),,koí,,schmidt
gil,,keé,who? (f.),,keé,,schmidt
gil,,keés,who? (f.),,keés,,schmidt
gil,,keéi,who? (pl.),,keéi,,schmidt
gil,,keéis,who? (pl.),,keéis,,schmidt
gil,,tu,you (sg.),,tu,,schmidt
gil,,tus,you (sg.),,tus,,schmidt
koh,,tu,you (sg.),,tu,,schmidt
koh,,thóo,you (sg.),,thóo,,schmidt
gur,,tuʔ,you (sg.),,tuʔ,,schmidt
Astor,,tuh,you (sg.),,tuh,,schmidt
gil,,tsho,you (pl.),,tsho,,schmidt
gil,,tshos,you (pl.),,tshos,,schmidt
koh,,tsho,you (pl.),,tsho,,schmidt
koh,,tsháa,you (pl.),,tsháa,,schmidt
gur,,tsho~,you (pl.),,tsho~,,schmidt
gur,,tsho~s,you (pl.),,tsho~s,,schmidt
Astor,,tsho,you (pl.),,tsho,,schmidt
Astor,,tshos,you (pl.),,tshos,,schmidt
gil,,úu~ṭ,camel,,úu~ṭ,,schmidt
koh,,ux,camel,,ux,,schmidt
gur,,úu~ṭ,camel,,úu~ṭ,,schmidt
Astor,,úu~ṭ,camel,,úu~ṭ,,schmidt
gil,,šiṅaáli,chain,,šiṅaáli,,schmidt
gur,,šaṅaáli,chain,,šaṅaáli,,schmidt
Astor,,šaṅáli,chain,,šaṅáli,,schmidt
koh,,zhanzhír,chain,,zhanzhír,,schmidt
koh,,burús,cheese,,burús,,schmidt
gur,,burús,cheese,,burús,,schmidt
gil,,hamíci,cheese,,hamíci,,schmidt
gil,,haméc̣i,cheese,,haméc̣i,,schmidt
Astor,,koóni,cheese,,koóni,,schmidt
gil,,loólyo riíl,copper,,loólyo riíl,,schmidt
koh,,phéṭi,copper,,phéṭi,,schmidt
gur,,tráam,copper,,tráam,,schmidt
gur,,zams,copper,,zams,,schmidt
gil,,dušmán,enemy,,dušmán,,schmidt
gil,,béero,enemy,,béero,,schmidt
koh,,dušmán,enemy,,dušmán,,schmidt
gur,,dušmán,enemy,,dušmán,,schmidt
Astor,,dušmán,enemy,,dušmán,,schmidt
gil,,parí,fairy,,parí,,schmidt
gur,,parí,fairy,,parí,,schmidt
Astor,,parí,fairy,,parí,,schmidt
koh,,xapreé,fairy,,xapreé,,schmidt
Astor,,ruí,fairy,,ruí,,schmidt
gil,,duúr,far,,duúr,,schmidt
koh,,dúur,far,,dúur,,schmidt
gur,,dúur,far,,dúur,,schmidt
Astor,,dúur,far,,dúur,,schmidt
gur,,tap,fever,,tap,,schmidt
gur,,tat,fever,,tat,,schmidt
Astor,,tátto,fever,,tátto,,schmidt
gil,,šaál,fever,,šaál,,schmidt
koh,,šaál,fever,,šaál,,schmidt
gil,,áa~ṭe,flour,,áa~ṭe,,schmidt
gur,,áaṭe,flour,,áaṭe,,schmidt
Astor,,áa~ṭe,flour,,áa~ṭe,,schmidt
koh,,phuk,flour,,phuk,,schmidt
gil,,phíin,foam,,phíin,,schmidt
koh,,phéeṇ,foam,,phéeṇ,,schmidt
gur,,phíiṇɨ,foam,,phíiṇɨ,,schmidt
Astor,,phíiṇi,foam,,phíiṇi,,schmidt
Astor,,phíini,foam,,phíini,,schmidt
gil,,ló~i,fox,,ló~i,,schmidt
koh,,lói,fox,,lói,,schmidt
gur,,lói,fox,,lói,,schmidt
Astor,,lói,fox,,lói,,schmidt
gil,,maṇúuko,frog,,maṇúuko,,schmidt
koh,,maṇóoq,frog,,maṇóoq,,schmidt
gur,,maṇóo~k,frog,,maṇóo~k,,schmidt
Astor,,maṇóoko,frog,,maṇóoko,,schmidt
gil,,soṇ,gold,,soṇ,,schmidt
koh,,soóṇ,gold,,soóṇ,,schmidt
gur,,soóṇ,gold,,soóṇ,,schmidt
Astor,,soná,gold,,soná,,schmidt
gil,,tumák,gun,,tumák,,schmidt
koh,,ṭubák,gun,,ṭubák,,schmidt
gur,,tumák,gun,,tumák,,schmidt
gur,,tubák,gun,,tubák,,schmidt
Astor,,tumák,gun,,tumák,,schmidt
Astor,,šaá~ti,hedgehog,,šaá~ti,,schmidt
koh,,thúri,heel,,thúri,,schmidt
gur,,thúri,heel,,thúri,,schmidt
gil,,khúuri,heel,,khúuri,,schmidt
Astor,,khirkáli,heel,,khirkáli,,schmidt
gil,,urán,lamb,,urán,,schmidt
gur,,urán,lamb,,urán,,schmidt
Astor,,urán,lamb,,urán,,schmidt
koh,,matoó,lamb,,matoó,,schmidt
gil,,dií~,leopard,,dií~,,schmidt
koh,,dií~,leopard,,dií~,,schmidt
gur,,dií~,leopard,,dií~,,schmidt
gur,,dhií~,leopard,,dhií~,,schmidt
Astor,,dií~,leopard,,dií~,,schmidt
gil,,balajé,Milky Way,,balajé,,schmidt
koh,,bólaj,Milky Way,,bólaj,,schmidt
gur,,bala~jée,Milky Way,,bala~jée,,schmidt
gil,,eéno,mirror,,eéno,,schmidt
gil,,gayuúri,mirror,,gayuúri,,schmidt
koh,,mukcáaki,mirror,,mukcáaki,,schmidt
gur,,šiišá,mirror,,šiišá,,schmidt
Astor,,šiišá,mirror,,šiišá,,schmidt
gil,,khakáai~,nut,,khakáai~,,schmidt
koh,,khakái,nut,,khakái,,schmidt
koh,,gayáa,nut,,gayáa,,schmidt
gur,,gayáa,nut,,gayáa,,schmidt
gil,,háta táawo,palm of hand,,háta táawo,,schmidt
koh,,hattóo,palm of hand,,hattóo,,schmidt
gur,,hatatáa,palm of hand,,hatatáa,,schmidt
Astor,,hattáao,palm of hand,,hattáao,,schmidt
gil,,bijoón,rainbow,,bijoón,,schmidt
gil,,biẓoón,rainbow,,biẓoón,,schmidt
koh,,biẓoón,rainbow,,biẓoón,,schmidt
gur,,bijoóni,rainbow,,bijoóni,,schmidt
Astor,,bij̣oón,rainbow,,bij̣oón,,schmidt
gil,,brí~w,rice (paddy),,brí~w,,schmidt
koh,,byu~,rice (paddy),,byu~,,schmidt
Astor,,briú~,rice (paddy),,briú~,,schmidt
koh,,talúuṇ,rice (paddy),,talúuṇ,,schmidt
gur,,dayó~,rice (paddy),,dayó~,,schmidt
gil,,bat,rice (cooked),,bat,,schmidt
koh,,baát,rice (cooked),,baát,,schmidt
Astor,,baát,rice (cooked),,baát,,schmidt
gur,,bríim,rice (cooked),,bríim,,schmidt
gur,,bái,rice (cooked),,bái,,schmidt
gil,,karaáṭo,scorpion,,karaáṭo,,schmidt
koh,,laṛám,scorpion,,laṛám,,schmidt
gur,,bic,scorpion,,bic,,schmidt
Astor,,junumáaro,scorpion,,junumáaro,,schmidt
gil,,laš,shame,,laš,,schmidt
gur,,laš,shame,,laš,,schmidt
gil,,šarm,shame,,šarm,,schmidt
koh,,šarám,shame,,šarám,,schmidt
Astor,,be šarm,shame,,be šarm,,schmidt
gil,,nir,sleep,,nir,,schmidt
koh,,níiṣ,sleep,,níiṣ,,schmidt
gur,,níiṣ,sleep,,níiṣ,,schmidt
Astor,,níiṣ,sleep,,níiṣ,,schmidt
gil,,šóom,spleen,,šóom,,schmidt
koh,,šóom,spleen,,šóom,,schmidt
gur,,šóom,spleen,,šóom,,schmidt
gil,,likhoók,to write,,likhoók,,schmidt
koh,,likoón,to write,,likoón,,schmidt
gur,,likhyoónu,to write,,likhyoónu,,schmidt
Astor,,likhoónu,to write,,likhoónu,,schmidt
