Rana,114,āṅ,body,,,,boehm
Dang,114,āṅ,body,,,,boehm
Chitwan,6557,dehi,body,,,,boehm
Morang,114,āṅ,body,,,,boehm
Rana,10191,muḍ,head,,,,boehm
Dang,10191,munṭā,head,,,,boehm
Chitwan,10191,muḍi,head,,,,boehm
Morang,10191,muḍā,head,,,,boehm
Rana,11572,bār,hair,,,,boehm
Dang,11572,bār,hair,,,,boehm
Chitwan,11572,bār,hair,,,,boehm
Morang,5401,jhoṭ,hair,,,,boehm
Rana,10158,mũh,face,,,,boehm
Rana,10174,mukh,face,,,,boehm
Dang,10158,mũh,face,,,,boehm
Chitwan,10158,muhaḍā,face,,,,boehm
Morang,10174,mukh,face,,,,boehm
Rana,43,ā̃khi,eye,,,,boehm
Dang,43,ā̃kh,eye,,,,boehm
Dang,43,ā̃khi,eye,,,,boehm
Chitwan,43,ā̃khi,eye,,,,boehm
Morang,43,ā̃kh,eye,,,,boehm
Rana,2830,kān,ear,,,,boehm
Dang,2830,kān,ear,,,,boehm
Chitwan,2830,kān,ear,,,,boehm
Morang,2830,kān,ear,,,,boehm
Rana,6909,nāk,nose,,,,boehm
Rana,6909,nākh,nose,,,,boehm
Dang,6909,nāk,nose,,,,boehm
Chitwan,6909,nāk,nose,,,,boehm
Morang,6909,nāk,nose,,,,boehm
Morang,6909,nākh,nose,,,,boehm
Rana,10158,mũh,mouth,,,,boehm
Dang,10158,mũh,mouth,,,,boehm
Dang,10174,mukh,mouth,,,,boehm
Chitwan,10158,mũha,mouth,,,,boehm
Morang,10174,mukh,mouth,,,,boehm
Rana,2563,õṭh,lip,,,,boehm
Dang,,ḍhyābar,lip,,,,boehm
Chitwan,,ḍhebar,lip,,,,boehm
Morang,5853,ṭhor,lip,,,,boehm
Rana,6152,dā̃t,tooth,,,,boehm
Dang,6152,dā̃t,tooth,,,,boehm
Chitwan,6152,dā̃t,tooth,,,,boehm
Morang,6152,dā̃t,tooth,,,,boehm
Rana,5228,jibh,tongue,,,,boehm
Dang,5228,jibh,tongue,,,,boehm
Chitwan,5228,jibhi,tongue,,,,boehm
Morang,5228,jiha,tongue,,,,boehm
Rana,9926,māthu,forehead,,,,boehm
Dang,10970,lilhār,forehead,,,,boehm
Chitwan,10970,lilār,forehead,,,,boehm
Chitwan,10970,lillār,forehead,,,,boehm
Morang,2744,kapār,forehead,,,,boehm
Rana,4197,gud,brain,,,,boehm
Dang,4197,gudi,brain,,,,boehm
Chitwan,4197,gudi,brain,,,,boehm
Morang,4197,god,brain,,,,boehm
Rana,,cãughar,jaw,,,,boehm
Dang,,baṅgārā,jaw,,,,boehm
Chitwan,,cehuri,jaw,,,,boehm
Morang,,cauva,jaw,,,,boehm
Rana,4513,gheṁṭ,neck,,,,boehm
Dang,4472,ghyāca,neck,,,,boehm
Chitwan,4513,gheṇṭi,neck,,,,boehm
Morang,4472,ghẽcā,neck,,,,boehm
Rana,14024,hāth,arm,,,,boehm
Dang,7630,pakhrā,arm,,,,boehm
Chitwan,7630,pakhurā,arm,,,,boehm
Morang,14024,hāth,arm,,,,boehm
Rana,14024,hāth,hand,,,,boehm
Dang,14024,hā̃th,hand,,,,boehm
Chitwan,14024,hāth,hand,,,,boehm
Morang,14024,hāth,hand,,,,boehm
Rana,7047,nāri,wrist,,,,boehm
Dang,7047,lāri,wrist,,,,boehm
Chitwan,7047,nāri,wrist,,,,boehm
Morang,7047,nāri,wrist,,,,boehm
Rana,14029,hathauri,palm,,,,boehm
Dang,4053,gadauri,palm,,,,boehm
Chitwan,,tarhath,palm,,,,boehm
Morang,,tarhaṭṭhi,palm,,,,boehm
Rana,135,aṅguri,finger,,,,boehm
Dang,135,aṅuri,finger,,,,boehm
Dang,135,aṅgri,finger,,,,boehm
Chitwan,135,aṅuri,finger,,,,boehm
Morang,135,eṅur,finger,,,,boehm
Rana,6914,nahã,fingernail,,,,boehm
Dang,6914,nũh,fingernail,,,,boehm
Chitwan,6914,nahũ,fingernail,,,,boehm
Morang,6914,nõh,fingernail,,,,boehm
Rana,137,aṅguṭhā,thumb,,,,boehm
Dang,11236,beṅṭhā,thumb,,,,boehm
Chitwan,11236,beṅṭhā,thumb,,,,boehm
Morang,137,eṅṭhā,thumb,,,?,boehm
Rana,13627,kandhā,shoulder,,,,boehm
Dang,13627,kanḍhyā,shoulder,,,,boehm
Chitwan,13627,kanh,shoulder,,,,boehm
Morang,13627,kannhā,shoulder,,,,boehm
Rana,,bāgal,armpit,,,,boehm
Dang,2588,kakhri,armpit,,,,boehm
Chitwan,2588,kā̃kh,armpit,,,,boehm
Morang,2588,kā̃kh,armpit,,,,boehm
Rana,2588,kā̃kh,"below the armpit at the waist, where water is carried",,,,boehm
Rana,4272,goḍu,leg,,,,boehm
Dang,4272,gvārā,leg,,,,boehm
Dang,4272,gor,leg,,,,boehm
Chitwan,4272,goḍ,leg,,,,boehm
Chitwan,5428,ṭāṅh,leg,,,,boehm
Morang,5428,ṭyāṅ,leg,,,,boehm
Rana,5082,jā̃ṅ,thigh,,,,boehm
Dang,5082,jā̃ṅh,thigh,,,,boehm
Chitwan,5082,jā̃ṅh,thigh,,,,boehm
Morang,5082,jā̃ṅh,thigh,,,,boehm
Rana,,lilhāru,shin,,,,boehm
Dang,,lalhAr,shin,,,,boehm
Chitwan,,laḍahar,shin,,,,boehm
Morang,,coḍ,shin,,,,boehm
Rana,13837,philuri,calf (leg),,,,boehm
Dang,13837,phili,calf (leg),,,,boehm
Chitwan,8168,phẽḍi,calf (leg),,,x 13837,boehm
Morang,13837,phillhā,hamstring,,,,boehm
Rana,4479,ghũṭu,knee,,,,boehm
Dang,e82,ṭhihun,knee,,,,boehm
Chitwan,e82,ṭhehun,knee,,,,boehm
Morang,e82,heṭhun,knee,,,,boehm
Rana,8066,pauli,foot,,,,boehm
Dang,8066,pauli,foot,,,,boehm
Chitwan,8056,pau,foot,,,,boehm
Morang,5738,tārvā,foot,,,,boehm
Rana,191,ẽḍi,heel,,,,boehm
Dang,191,lẽri,heel,,,?,boehm
Dang,191,leri,heel,,,?,boehm
Chitwan,191,ẽḍi,heel,,,,boehm
Morang,191,ẽri,heel,,,,boehm
Morang,191,ẽḍi,heel,,,,boehm
Rana,,gā̃ṭhi,ankle bone,,,,boehm
Dang,4479,ghuṭṭhi,ankle bone,,,,boehm
Chitwan,4479,ghũṭṭhi,ankle bone,,,,boehm
Morang,4479,ghuṭṭhi,ankle bone,,,,boehm
Rana,8376,peṭ,belly,,,,boehm
Dang,8376,pyāṭ,belly,,,,boehm
Chitwan,8376,peṭ,belly,,,,boehm
Morang,8376,peṭ,belly,,,,boehm
Rana,2640,kahryāhũ,waist,,,,boehm
Dang,,ṭhyākan,waist,,,,boehm
Dang,,ṭeknā,waist,,,,boehm
Chitwan,,ṭhekan,waist,,,,boehm
Morang,,ḍā̃ra,waist,,,,boehm
Dang,2640,karhyũ,lower back,,,,boehm
Rana,4277,gõḍi,navel,,,,boehm
Dang,5860,ḍhõhri,navel,,,,boehm
Chitwan,5860,ḍhõḍhi,navel,,,,boehm
Morang,5860,ḍhorni,navel,,,,boehm
Rana,3848,khāl,skin,,,,boehm
Dang,5005,chālā,skin,,,,boehm
Chitwan,5005,chālā,skin,,,,boehm
Morang,5005,challā,skin,,,,boehm
Rana,13952,haḍḍā,bone,,,,boehm
Dang,13952,haḍḍī,bone,,,,boehm
Chitwan,13952,hāḍ,bone,,,,boehm
Morang,13952,haḍḍī,bone,,,,boehm
Rana,10188,muṭu,heart,,,,boehm
Dang,10188,moṭu,heart,,,,boehm
Chitwan,,cerajī,heart,,,,boehm
Morang,10188,muṭu,heart,,,,boehm
Rana,9090,phabsā,lung,,,,boehm
Dang,8391,phoksā,lung,,,,boehm
Chitwan,9090,phuphsā,lung,,,,boehm
Morang,8391,phoksa,lung,,,,boehm
Rana,4354,gā̃ṭhi,joint,,,,boehm
Dang,4354,gāṭh,joint,,,,boehm
Chitwan,10496,jorhar,joint,,,,boehm
Morang,10496,joḍ,joint,,,,boehm
Chitwan,4354,gā̃ṭhi,knot,,,,boehm
Rana,8242,pib,pus,,,,boehm
Dang,8242,pip,pus,,,,boehm
Chitwan,8242,pibu,pus,,,,boehm
Morang,8242,pij,pus,,,?,boehm
Rana,4198,guj,earwax,,,,boehm
Dang,4198,guj,earwax,,,,boehm
Chitwan,4198,ghiju,earwax,,,?,boehm
Morang,,kõkā,earwax,,,,boehm
Rana,919,ā̃su,tears,,,,boehm
Dang,919,ā̃s,tears,,,,boehm
Chitwan,10839,ror,tears,,,,boehm
Morang,10839,lor,tears,,,,boehm
Rana,12582,sĩghan,nasal mucus,,,,boehm
Dang,12727,syā̃p,nasal mucus,,,,boehm
Chitwan,,põṭā,nasal mucus,,,,boehm
Morang,12582,siṅhan,nasal mucus,,,,boehm
Rana,2368,ulṭī,vomit,,,,boehm
Dang,2538,oklās,vomit,,,,boehm
Chitwan,2538,okṭi,vomit,,,,boehm
Morang,,bokarchi,vomit,,,,boehm
Rana,4368,gãu,village,,,,boehm
Dang,4368,gā̃u,village,,,,boehm
Chitwan,4368,gā̃u,village,,,,boehm
Morang,4368,gā̃u,village,,,,boehm
Rana,13760,ṭhā̃u,place,,,,boehm
Dang,13760,ṭhā̃u,place,,,,boehm
Chitwan,13760,ṭhãuri,place,,,,boehm
Morang,13760,ṭhā̃u,place,,,,boehm
Rana,4428,ghar,house,,,,boehm
Dang,4428,ghar,house,,,,boehm
Chitwan,4428,ghar,house,,,,boehm
Morang,4428,ghar,house,,,,boehm
Rana,4992,chāni,roof,,,,boehm
Dang,4992,chānhi,roof,,,,boehm
Chitwan,4992,chānhi,roof,,,,boehm
Morang,4992,chān,roof,,,,boehm
Rana,6459,dvāru,door,,,,boehm
Dang,6459,dvār,door,,,,boehm
Chitwan,6459,duāri,door,,,,boehm
Morang,6459,duhār,door,,,,boehm
Rana,9557,bhũĩ,floor,,,,boehm
Dang,9557,bhũĩyā̃,floor,,,,boehm
Chitwan,9557,bhũĩ,floor,,,,boehm
Morang,9557,bhuṅ,floor,,,,boehm
Rana,4879,culhi,fireplace,,,,boehm
Dang,4879,culhā,fireplace,,,,boehm
Chitwan,4879,culhā,fireplace,,,,boehm
Morang,4879,culh,fireplace,,,,boehm
Rana,3893,khũṭā,post,,,,boehm
Dang,3893,khũṭā,post,,,,boehm
Chitwan,3893,khũṭā,post,,,,boehm
Morang,3893,khũṭā,post,,,,boehm
Dang,2631,korai,beam,,,,boehm
Chitwan,2631,kaḍi,beam,,,,boehm
Morang,2631,kora,beam,,,,boehm
Rana,2631,korau,thin beams or purlins,,,,boehm
Rana,3120,kaṭhiyā,firewood,,,,boehm
Dang,3120,kāṭhi,firewood,,,,boehm
Chitwan,3120,kāṭhi,firewood,,,,boehm
Morang,3120,kāṭhi,firewood,,,,boehm
Rana,,karkhā,soot,,,,boehm
Rana,,kārak,soot,,,,boehm
Dang,,karkhā,soot,,,,boehm
Dang,2622,kajarā,soot,,,,boehm
Chitwan,,karikhā,soot,,,,boehm
Morang,2622,kājar,soot,,,,boehm
Morang,,kariya,soot,,,,boehm
Rana,,cilaṅgi,sparks,,,,boehm
Dang,,jhiliṅgā,sparks,,,,boehm
Chitwan,,chuṅgi,sparks,,,,boehm
Morang,,ciṭkari,sparks,,,,boehm
Rana,,ṭim,carbon,,,,boehm
Dang,,ṭemhi,carbon,,,,boehm
Chitwan,,ṭemhi,carbon,,,,boehm
Morang,,ṭemha,carbon,,,,boehm
Rana,,camchā,spoon (for soup),,,,boehm
Dang,2633,karchul,spoon (for soup),,,,boehm
Chitwan,2633,karchulā,spoon (for soup),,,,boehm
Morang,2633,kalchulā,spoon (for soup),,,,boehm
Rana,2633,karchulā,spoon (for rice),,,,boehm
Rana,5596,ḍhẽki,pestle (foot-operated),,,,boehm
Dang,5596,ḍhẽki,pestle (foot-operated),,,,boehm
Chitwan,5596,ḍhẽki,pestle (foot-operated),,,,boehm
Morang,5596,ḍheki,pestle (foot-operated),,,,boehm
Rana,,gāli,pestle (hand-operated),,,,boehm
Dang,2360,okhari,pestle (hand-operated),,,,boehm
Chitwan,2360,okhar,pestle (hand-operated),,,,boehm
Morang,2360,ũkhari,pestle (hand-operated),,,,boehm
Rana,5566,ḍokkā,wood bowl,,,,boehm
Dang,5566,ḍokni,wood bowl,,,,boehm
Chitwan,5566,ḍokni,wood bowl,,,,boehm
Morang,5566,ḍukki,wood bowl,,,,boehm
Rana,11378,banni,broom,,,,boehm
Dang,11378,brahni,broom,,,,boehm
Chitwan,11378,baḍhan,broom,,,,boehm
Morang,11378,bohran,broom,,,?,boehm
Rana,6348,diyā,lamp,,,,boehm
Dang,6348,diyā,lamp,,,,boehm
Chitwan,5580,ḍhibari,lamp,,,,boehm
Morang,,pulṭi,lamp,,,,boehm
Rana,6348,diyā,small lamp,,,,boehm
Dang,5580,ḍhebri,small lamp,,,,boehm
Chitwan,6348,divā,small lamp,,,,boehm
Morang,,cirkhā,small lamp,,,,boehm
Rana,12101,bẽt,cane (rattan),,,,boehm
Dang,12101,byā̃t,cane (rattan),,,,boehm
Chitwan,12101,bẽt,cane (rattan),,,,boehm
Morang,12101,bẽt,cane (rattan),,,,boehm
Rana,4471,ghā̃s,thatch grass,,,,boehm
Dang,3769,khar,thatch grass,,,,boehm
Chitwan,3769,khar,thatch grass,,,,boehm
Morang,3769,khar,thatch grass,,,,boehm
Rana,5513,ṭhok-,to hammer,,,,boehm
Dang,5513,ṭhokyā,hammer,,,,boehm
Chitwan,5513,ṭhokaik,hammer,,,,boehm
Morang,5513,ṭhok-,to hit,,,,boehm
Rana,e72,cakku,knife,,,,boehm
Dang,e72,cakku,knife,,,,boehm
Chitwan,e72,cakku,knife,,,,boehm
Morang,e72,cakku,knife,,,,boehm
Rana,3244,kuḍhāri,axe,,,,boehm
Dang,3244,kurhār,axe,,,,boehm
Chitwan,5427,tāṅi,axe,,,,boehm
Morang,3244,kurhār,axe,,,,boehm
Rana,,rukhāni,chisel,,,,boehm
Dang,,rukhān,chisel,,,,boehm
Chitwan,,rukhān,chisel,,,,boehm
Morang,,rukhāni,chisel,,,,boehm
Rana,4354,gā̃ṭhi,knot,,,,boehm
Dang,4354,gā̃ṭh,knot,,,,boehm
Chitwan,4354,gā̃ṭhi,knot,,,,boehm
Morang,,giṭṭhar,knot,,,,boehm
Rana,12580,sā̃kar,chain,,,,boehm
Dang,12580,sikri,chain,,,,boehm
Chitwan,12580,sĩkar,chain,,,,boehm
Morang,12580,sikkar,chain,,,,boehm
Rana,3528,koḍā,whip,,,,boehm
Dang,3528,kõrrā,whip,,,,boehm
Chitwan,3528,koḍā,whip,,,,boehm
Morang,3528,kõrā,whip,,,,boehm
Rana,6089,ṭhāṭhi,"fish net, made of fine mesh with a criss-cross bamboo frame",,,,boehm
Dang,5725,ṭāpi,"fish net, made of fine mesh with a criss-cross bamboo frame",,,,boehm
Chitwan,,thokaili,"fish net, made of fine mesh with a criss-cross bamboo frame",,,,boehm
Morang,5725,ṭāpi,"fish net, made of fine mesh with a criss-cross bamboo frame",,,,boehm
Rana,,hulkā,"fish net, with a u-shaped frame used only by women",,,,boehm
Rana,,holkā,"fish net, with a u-shaped frame used only by women",,,,boehm
Dang,,helkā,"fish net, with a u-shaped frame used only by women",,,,boehm
Chitwan,,gogali,"fish net, with a u-shaped frame used only by women",,,,boehm
Rana,9123,bansi,fish hook,,,,boehm
Dang,9123,bansi,fish hook,,,,boehm
Chitwan,9123,bansi,fish hook,,,,boehm
Morang,9123,bansi,fish hook,,,,boehm
Rana,14000,har,plow,,,,boehm
Dang,14000,har,plow,,,,boehm
Chitwan,14000,har,plow,,,,boehm
Morang,14000,har,plow,,,,boehm
Rana,,paṭālā,harrow,,,,boehm
Dang,,hyāṅgā,harrow,,,,boehm
Chitwan,,heṅā,harrow,,,,boehm
Morang,,paṭhāhā,harrow,,,,boehm
Rana,13839,pharvāh,spade,,,,boehm
Dang,13839,parhvā,ploughshare,,,,boehm
Dang,9072,phār,ploughshare,,,,boehm
Chitwan,9072,phār,ploughshare,,,,boehm
Morang,9072,phār,ploughshare,,,,boehm
Rana,11452a,baheṅgā,pole,,,,boehm
Dang,11452a,bahiṅgā,pole,,,,boehm
Chitwan,11452a,bahiṅā,pole,,,,boehm
Morang,11452a,behaṅṅā,pole,,,,boehm
Rana,6726,dhanahi,bow,,,,boehm
Dang,6726,dhanu,bow,,,,boehm
Chitwan,6726,dhanukh,bow,,,,boehm
Morang,6726,dhenukh,bow,,,,boehm
Rana,,tir,arrow,,,,boehm
Dang,3023,kā̃ri,arrow,,,,boehm
Chitwan,,tir,arrow,,,,boehm
Morang,,tir,arrow,,,,boehm
Rana,5706,tarvāl,sword,,,,boehm
Rana,5706,tarvār,sword,,,,boehm
Dang,5706,tarrval,sword,,,,boehm
Chitwan,5706,tarvār,sword,,,,boehm
Morang,5706,tarvār,sword,,,,boehm
Morang,5706,tervār,sword,,,,boehm
Rana,13519,sonu,gold,,,,boehm
Dang,13519,svān,gold,,,,boehm
Chitwan,13519,son,gold,,,,boehm
Morang,13519,sonā,gold,,,,boehm
Rana,4669,cāndi,silver,,,,boehm
Dang,4669,cā̃di,silver,,,,boehm
Chitwan,4669,cāni,silver,,,,boehm
Morang,4669,cāni,silver,,,,boehm
Rana,5779,tāmu,copper,,,,boehm
Dang,5779,tām,copper,,,,boehm
Chitwan,5779,tām,copper,,,,boehm
Morang,5779,tammā,copper,,,,boehm
Rana,8184,pitar,brass,,,,boehm
Dang,8184,pitar,brass,,,,boehm
Chitwan,8184,pitar,brass,,,,boehm
Morang,8184,pittar,brass,,,,boehm
Rana,10930,lattā,cloth,,,,boehm
Dang,11072,lugā,cloth,,,,boehm
Chitwan,11072,lugā,cloth,,,,boehm
Morang,11072,nuṅṅā,cloth,,,,boehm
Rana,2771,kammar,blanket,,,,boehm
Dang,2771,kamrā,blanket,,,,boehm
Chitwan,2771,kamrā,blanket,,,,boehm
Morang,2771,kammal,blanket,,,,boehm
Rana,13551,sũi,needle,,,,boehm
Dang,13551,sui,needle,,,,boehm
Chitwan,13551,sui,needle,,,,boehm
Morang,13551,suiyā,needle,,,,boehm
Rana,6225,ḍorā,thread,,,,boehm
Dang,,sut,thread,,,,boehm
Chitwan,6225,ḍorā,thread,,,,boehm
Chitwan,13561,sut,thread,,,,boehm
Morang,13561,sutta,thread,,,,boehm
Morang,6225,ḍor,thin jute rope,,,,boehm
Rana,5415,jhorā,shoulder bag,,,,boehm
Dang,5415,jhvālā,shoulder bag,,,,boehm
Chitwan,,khori,shoulder bag,,,,boehm
Morang,5415,jholā,shoulder bag,,,,boehm
Rana,5415,jhulā,shirt,,,,boehm
Dang,5415,jhulvā,shirt,,,,boehm
Chitwan,5415,jholiyā,shirt,,,,boehm
Morang,5415,jhul,shirt,,,,boehm
Dang,4923,colyā,blouse,,,,boehm
Chitwan,4923,coliyā,blouse,,,,boehm
Morang,4923,coliyā,blouse,,,,boehm
Rana,4444,ghãghariyā,skirt,,,,boehm
Dang,e83,lahaṅgā,skirt,,,,boehm
Chitwan,e83,ṅehaṅā,skirt,,,,boehm
Chitwan,e83,lehaṅā,skirt,,,,boehm
Morang,,nuṅṅī,a Muslim lungi worn by males,,,,boehm
Rana,4923,coliyā,undergarment below the blouse,,,,boehm
Rana,10903,naghoṭā,loin cloth,,,,boehm
Dang,,bhegvā,loin cloth,,,,boehm
Chitwan,10903,leṅauṭi,loin cloth,,,,boehm
Chitwan,,bhegahi,loin cloth,,,,boehm
Morang,,phuthali,loin cloth,,,,boehm
Rana,7644,pagā,turban,,,,boehm
Dang,7644,pagyā,turban,,,,boehm
Chitwan,7644,pagiyā,turban,,,,boehm
Morang,7644,pagari,turban,,,,boehm
Morang,7644,pagaḍi,turban,,,,boehm
Rana,4884,pãicuḍi,bracelet,,,,boehm
Dang,,pāiju,bracelet,,,,boehm
Chitwan,7752,pairi,bracelet,,,,boehm
Morang,7752,pairi,bracelet,,,,boehm
Rana,137,õṅghaṭi,ring (finger),,,,boehm
Dang,10280,munri,ring (finger),,,,boehm
Chitwan,137,aṅuṭhi,ring (finger),,,,boehm
Morang,137,aṅṭhi,ring (finger),,,,boehm
Rana,2598,kaṅghā,comb,,,,boehm
Dang,2598,kãkvā,comb,,,,boehm
Chitwan,2598,kakahi,comb,,,,boehm
Morang,,tapsi,comb,,,,boehm
Dang,2598,kãkahi,a comb for lice eggs,,,,boehm
Rana,4747,cāmar,brush,,,,boehm
Dang,4747,cāur,brush,,,,boehm
Chitwan,4747,cāur,brush,,,,boehm
Morang,4747,caur,brush,,,,boehm
Rana,3712,khudi,rice (broken),,,,boehm
Dang,3712,khudi,rice (broken),,,,boehm
Chitwan,3712,khudi,rice (broken),,,,boehm
Morang,3712,khuddi,rice (broken),,,,boehm
Rana,9331,bhāt,rice (cooked),,,,boehm
Dang,9331,bhāt,rice (cooked),,,,boehm
Chitwan,9331,bhāt,rice (cooked),,,,boehm
Morang,9331,bhāt,rice (cooked),,,,boehm
Rana,9735,māḍ,rice gruel,,,,boehm
Dang,9735,mār,rice gruel,,,,boehm
Chitwan,9735,māḍ,rice gruel,,,,boehm
Morang,9735,māḍ,rice gruel,,,,boehm
Rana,,sāg,greens,,,,boehm
Dang,,sāg,greens,,,,boehm
Chitwan,,sāg,greens,,,,boehm
Morang,,sāg,greens,,,,boehm
Rana,,labā,puffed corn,,,,boehm
Dang,,lāvā,puffed corn,,,,boehm
Chitwan,,makāik lavā,puffed corn,,,,boehm
Morang,,lavā,puffed corn,,,,boehm
Rana,13992,hardi,turmeric,,,,boehm
Dang,13992,hardi,turmeric,,,,boehm
Chitwan,13992,harad,turmeric,,,,boehm
Morang,13992,hardi,turmeric,,,,boehm
Rana,10990,lahasun,garlic,,,,boehm
Dang,10990,nasun,garlic,,,,boehm
Dang,10990,nahasun,garlic,,,,boehm
Chitwan,10990,nasun,garlic,,,,boehm
Chitwan,10990,lasun,garlic,,,,boehm
Morang,10990,lesun,garlic,,,,boehm
Rana,10978,nun,salt,,,,boehm
Dang,10978,nvān,salt,,,,boehm
Chitwan,10978,nun,salt,,,,boehm
Morang,10978,non,salt,,,,boehm
Rana,1341,adarak,ginger,,,,boehm
Dang,1341,advā,ginger,,,,boehm
Chitwan,1341,ādi,ginger,,,,boehm
Morang,1341,āda,ginger,,,,boehm
Rana,6776,dhaniyā̃,coriander,,,,boehm
Dang,6776,dhanyā̃,coriander,,,,boehm
Chitwan,6776,dhaniyā̃,coriander,,,,boehm
Morang,6776,dhaniyā̃,coriander,,,,boehm
Rana,5958,tel,oil,,,,boehm
Dang,5958,tyāl,oil,,,,boehm
Chitwan,5958,tel,oil,,,,boehm
Morang,5958,tel,oil,,,,boehm
Rana,,tāju,fat (animal),,,,boehm
Dang,10187,mvāṭ,fat (animal),,,,boehm
Chitwan,10187,moṭ,fat (animal),,,,boehm
Morang,5958,tel,fat (animal),,,,boehm
Rana,7003,nauni,butter,,,,boehm
Dang,7003,launi,butter,,,,boehm
Chitwan,7003,nainu,butter,,,,boehm
Morang,,chāl,butter,,,,boehm
Rana,4501,ghyu,clarified butter,,,,boehm
Dang,4501,ghyu,clarified butter,,,,boehm
Chitwan,4501,ghiu,clarified butter,,,,boehm
Morang,4501,ghi,clarified butter,,,,boehm
Rana,9982,māsu,meat,,,,boehm
Dang,9982,mās,meat,,,,boehm
Chitwan,9982,māsu,meat,,,,boehm
Morang,,timman,meat,,,,boehm
Rana,1111,ā̃ḍā,egg,,,,boehm
Dang,1111,ā̃rā,egg,,,,boehm
Chitwan,1111,ā̃ḍā,egg,,,,boehm
Morang,5550,ḍimmā,egg,,,,boehm
Morang,1111,ā̃ḍ,testicles,,,,boehm
Rana,,khusṭi,eggshell,,,,boehm
Dang,,khokṭi,eggshell,,,,boehm
Chitwan,3936,khopṭi,eggshell,,,,boehm
Morang,,khõṭri,eggshell,,,,boehm
Rana,,jā̃ḍ,rice beer,,,,boehm
Dang,,jā̃r,rice beer,,,,boehm
Chitwan,,gadalā,rice beer,,,,boehm
Morang,,gorā,rice beer,,,,boehm
Rana,,bāsi,meal (dawn),,,,boehm
Dang,,bāsi,meal (dawn),,,,boehm
Chitwan,,bhāt,meal (dawn),,,,boehm
Morang,,basiyā,meal (dawn),,,,boehm
Rana,3104,kalbā,meal (morn),,,,boehm
Dang,3104,kalvā,meal (morn),,,,boehm
Chitwan,3104,kalvā,meal (morn),,,,boehm
Morang,3104,kalva,meal (morn),,,,boehm
Rana,,sājko khānu,meal (eve),,,,boehm
Dang,,beri,meal (eve),,,,boehm
Chitwan,,bhāt,meal (eve),,,,boehm
Morang,900,aberiyā,meal (eve),,,,boehm
Chitwan,,beriyā,a span of time based on the movement of the sun,,,,boehm
Rana,,mom,beeswax,,,,boehm
Dang,9778,main,beeswax,,,,boehm
Chitwan,9778,main,beeswax,,,,boehm
Morang,,mom,beeswax,,,,boehm
Rana,7984,pasu,animal,,,,boehm
Dang,7984,pas,animal,,,,boehm
Chitwan,7984,pasu,animal,,,,boehm
Morang,,janver,animal,,,,boehm
Rana,e63,murgi,chicken,,,,boehm
Dang,e63,murghi,chicken,,,,boehm
Chitwan,4785,ciṅni,chicken,,,,boehm
Morang,e63,murgi,chicken,,,,boehm
Rana,4147,gaiyā̃,cow,,,,boehm
Dang,4147,gaiyā,cow,,,,boehm
Chitwan,4147,gāy,cow,,,,boehm
Morang,4313,gahru,cow,,,,boehm
Rana,9176,bardhā,bull,,,,boehm
Dang,9176,bardhā,bull,,,,boehm
Chitwan,13331,sā̃ḍ,bull,,,,boehm
Morang,9176,barad,bull,,,,boehm
Rana,11241,bacharā,calf (cow),,,,boehm
Dang,11243,bacchu,calf (cow),,,,boehm
Chitwan,11243,bacharu,calf (cow),,,,boehm
Morang,11239,bāchā,heifer,,,,boehm
Rana,9964,bhãisā,buffalo,,,,boehm
Dang,9964,bhãis,buffalo,,,,boehm
Chitwan,9964,bhãis,buffalo,,,,boehm
Morang,9964,bhãis,buffalo,,,,boehm
Rana,6391,dudh,milk,,,,boehm
Dang,6391,dudh,milk,,,,boehm
Chitwan,6391,dudh,milk,,,,boehm
Morang,6391,dudh,milk,,,,boehm
Rana,13666,than,udder,,,,boehm
Dang,13666,thun,udder,,,,boehm
Chitwan,13666,thān,udder,,,,boehm
Morang,,ghair,udder,,,,boehm
Rana,12583,siṅ,horn,,,,boehm
Dang,12583,siṅ,horn,,,,boehm
Chitwan,12583,siṅ,horn,,,,boehm
Morang,12583,siṅ,horn,,,,boehm
Rana,8249,pũch,tail,,,,boehm
Dang,8249,pucchi,tail,,,,boehm
Chitwan,8249,pũchi,tail,,,,boehm
Chitwan,8249,pũch,tail,,,,boehm
Morang,8249,pũcchā,the tail of a skirt,,,,boehm
Rana,9153,bakarā,goat,,,,boehm
Chitwan,4963,cegari,goat,,,,boehm
Morang,9153,bakari,goat,,,,boehm
Dang,9312,bvākyā,an uncastrated goat for ritual sacrifice,,,,boehm
Rana,3275,kuttā,dog,,,,boehm
Dang,3329,kukur,dog,,,,boehm
Chitwan,3329,kukur,dog,,,,boehm
Morang,3275,kuttā,dog,,,,boehm
Rana,9237,bilaiyā,cat,,,,boehm
Dang,9237,bilār,cat,,,,boehm
Chitwan,9237,bilār,cat,,,,boehm
Morang,9237,billai,cat,,,,boehm
Rana,4516,ghoḍā,horse,,,,boehm
Dang,4516,ghori,horse,,,,boehm
Chitwan,4516,ghoḍā,horse,,,,boehm
Morang,4516,ghõḍā,horse,,,,boehm
Rana,13544,sorā,pig,,,,boehm
Dang,13544,suar,pig,,,,boehm
Chitwan,13544,suar,pig,,,,boehm
Morang,13544,suggar,pig,,,,boehm
Rana,9415,bheluvā,bear,,,,boehm
Dang,9415,bhalvā,bear,,,,boehm
Dang,9415,bhal,bear,,,,boehm
Chitwan,9415,bhālu,bear,,,,boehm
Morang,9415,bhaul,bear,,,,boehm
Rana,12193,baghṭā,tiger,,,,boehm
Dang,12193,baghvā,tiger,,,,boehm
Dang,12193,bāgh,tiger,,,,boehm
Chitwan,12193,bāgh,tiger,,,,boehm
Morang,12193,bāgh,tiger,,,,boehm
Rana,4000,gãiḍā,rhinoceros,,,,boehm
Dang,4000,gãirā,rhinoceros,,,,boehm
Dang,4000,gãiḍā,rhinoceros,,,,boehm
Chitwan,4000,gãiḍā,rhinoceros,,,,boehm
Morang,4000,gẽrā,rhinoceros,,,,boehm
Morang,4000,gẽḍā,rhinoceros,,,,boehm
Rana,13982,harnā,deer,,,,boehm
Dang,13982,harnā,deer,,,,boehm
Chitwan,13982,harin,deer,,,,boehm
Morang,13982,harin,deer,,,,boehm
Rana,11515,bandrā,monkey,,,,boehm
Dang,11515,bandrā,monkey,,,,boehm
Chitwan,11515,bānar,monkey,,,,boehm
Morang,11515,bānar,monkey,,,,boehm
Rana,12578,siyarā,jackal,,,,boehm
Dang,4158,gidrā,jackal,,,,boehm
Chitwan,12578,siyār,jackal,,,,boehm
Chitwan,4158,gidār,jackal,,,,boehm
Morang,,khaṭiyā,jackal,,,,boehm
Rana,,lokhaḍiyā,fox,,,,boehm
Dang,,lakhrillyā,fox,,,,boehm
Chitwan,3878,khẽkhar,fox,,,,boehm
Chitwan,11153,lommaḍ,fox,,,,boehm
Morang,3878,khikhir,fox,,,,boehm
Rana,,lamāhā,hare,,,,boehm
Dang,,nammhā,hare,,,,boehm
Chitwan,3823,khorāhā,hare,,,,boehm
Morang,3823,kharhā,hare,,,,boehm
Rana,4571,cirãiyā̃,bird,,,,boehm
Dang,4571,cirãiyā̃,bird,,,,boehm
Chitwan,4571,cerãi,bird,,,,boehm
Morang,4571,carai,bird,,,,boehm
Rana,,batki,duck,,,,boehm
Dang,,bakṭi,duck,,,,boehm
Chitwan,,batak,duck,,,,boehm
Morang,,battak,duck,,,,boehm
Rana,,batki,goose,,,,boehm
Dang,13937,hansā,goose,,,,boehm
Chitwan,8109,peravā,goose,,,,boehm
Morang,8109,pervā,goose,,,,boehm
Rana,8109,parebā,pigeon,,,,boehm
Dang,8109,paryevā,pigeon,,,,boehm
Chitwan,13937,hā̃s,pigeon,,,,boehm
Morang,13937,hā̃s,pigeon,,,,boehm
Rana,9865,mullā,peacock,,,,boehm
Dang,9865,majurvā,peacock,,,,boehm
Chitwan,9865,manjor,peacock,,,,boehm
Morang,9865,mejur,peacock,,,,boehm
Rana,,gargãĩyyā,sparrow,,,,boehm
Dang,,gyũrā,sparrow,,,,boehm
Chitwan,,gẽhũriā,sparrow,,,,boehm
Morang,,goraiyā,sparrow,,,,boehm
Rana,12503,suā,parrot,,,,boehm
Dang,12503,sugā,parrot,,,,boehm
Chitwan,12503,sugā,parrot,,,,boehm
Morang,12503,sugā,parrot,,,,boehm
Rana,3483,kuili,cuckoo,,,,boehm
Dang,3483,koilaryā,cuckoo,,,,boehm
Chitwan,3483,koilar,cuckoo,,,,boehm
Morang,3483,koili,cuckoo,,,,boehm
Rana,2993,kauvā,crow,,,,boehm
Dang,2993,kauvā,crow,,,,boehm
Chitwan,2993,kaughā,crow,,,,boehm
Morang,2993,kauvā,crow,,,,boehm
Rana,,khasuṭar,owl,,,,boehm
Dang,2359,õrvā,owl,,,,boehm
Chitwan,2359,uruvā,owl,,,,boehm
Morang,,ḍemar-peccā,owl,,,,boehm
Rana,4700,camgādar,bat,,,,boehm
Dang,4700,caṅgedri,bat,,,,boehm
Chitwan,,beduri,bat,,,,boehm
Morang,4700,camcarai,bat,,,,boehm
Rana,5853,ṭhõṭhan,bill/beak,,,,boehm
Dang,5853,ṭhvā̃r,bill/beak,,,,boehm
Chitwan,5853,ṭhõr,bill/beak,,,,boehm
Morang,5853,ṭhor,bill/beak,,,,boehm
Rana,5535,ḍakhmā,wing,,,x 7627,boehm
Dang,5535,ḍainā,wing,,,,boehm
Chitwan,5535,ḍekhan,wing,,,x 7627,boehm
Morang,5535,ḍena,wing,,,,boehm
Rana,7627,pakhmā,feather,,,,boehm
Dang,7627,pakhnā,feather,,,,boehm
Chitwan,7627,pā̃khi,feather,,,,boehm
Morang,7627,pekhnā,feather,,,,boehm
Rana,13271,sā̃p,snake,,,,boehm
Dang,13271,sãpvā,snake,,,,boehm
Dang,13271,sā̃p,snake,,,,boehm
Chitwan,13271,sā̃p,snake,,,,boehm
Morang,13271,sā̃p,snake,,,,boehm
Rana,3459,gẽsā,earthworm,,,?,boehm
Dang,3459,kesnā,earthworm,,,,boehm
Chitwan,3459,kicuvā,earthworm,,,,boehm
Morang,,cāli,earthworm,,,,boehm
Rana,3459,kecuvā,roundworm,,,,boehm
Rana,4514,ghoṅghi,snail,,,,boehm
Dang,4514,ghõghi,snail,,,,boehm
Chitwan,4514,ghõṅhi,snail,,,,boehm
Morang,4514,ghuṅghari,snail,,,,boehm
Rana,9758,machari,fish,,,,boehm
Dang,9758,macchi,fish,,,,boehm
Chitwan,9758,māchar,fish,,,,boehm
Morang,9758,mācha,fish,,,,boehm
Rana,4109,geṅṭā,crab,,,,boehm
Dang,4109,gegṭā,crab,,,,boehm
Chitwan,2816,kakaḍā,crab,,,,boehm
Morang,2816,kā̃khar,crab,,,,boehm
Rana,5385,jhiṅgā,shrimp,,,,boehm
Dang,5385,jhiṅgā,shrimp,,,,boehm
Chitwan,4109,gogā,shrimp,,,,boehm
Morang,4109,gõrrā,shrimp,,,,boehm
Rana,9757,māchar,mosquito,,,,boehm
Dang,9917,mas,mosquito,,,,boehm
Chitwan,9917,mas,mosquito,,,,boehm
Morang,9757,macchar,mosquito,,,,boehm
Rana,4822,cĩṭī,ant,,,,boehm
Dang,4822,cimṭī,ant,,,,boehm
Chitwan,4822,cihũṭi,ant,,,,boehm
Morang,4822,cãiṭi,ant,,,,boehm
Rana,9883,makarā,spider,,,,boehm
Dang,9883,makrā,spider,,,,boehm
Chitwan,9883,makarā,spider,,,,boehm
Morang,9883,makarā,spider,,,,boehm
Rana,9696,makkhi,fly,,,,boehm
Dang,9696,māchi,fly,,,,boehm
Chitwan,9696,māchi,fly,,,,boehm
Morang,9696,māchi,fly,,,,boehm
Rana,6024,ṭĩḍhā,grasshopper,,,,boehm
Dang,7721,phaṭḥiṅnā,grasshopper,,,,boehm
Chitwan,7721,phariṅhā,grasshopper,,,,boehm
Morang,7721,pheṅgā,grasshopper,,,,boehm
Rana,12081,bichi,scorpion,,,,boehm
Dang,12081,bicchi,scorpion,,,,boehm
Chitwan,12081,bich,scorpion,,,,boehm
Morang,12081,biccha,scorpion,,,,boehm
Rana,6326,ḍiṅgar,head louse,,,,boehm
Dang,4828,cilrā,head louse,,,,boehm
Chitwan,5536,ḍhilo,head louse,,,,boehm
Morang,5536,ḍhila,head louse,,,,boehm
Rana,,khaṭmalkā,bedbug,,,,boehm
Dang,1981,urus,bedbug,,,,boehm
Chitwan,1981,uḍas,bedbug,,,,boehm
Morang,1981,ũḍis,flea,,,,boehm
Morang,1981,uḍis,flea,,,,boehm
Rana,10757,rukhā,tree,,,,boehm
Dang,10757,rukhvā,tree,,,,boehm
Chitwan,3949,gāch,tree,,,,boehm
Morang,3949,gāc,tree,,,,boehm
Rana,,hãgā,branch,,,,boehm
Dang,,ḍaihyā̃,branch,,,,boehm
Chitwan,5546,ḍār,branch,,,,boehm
Morang,5546,ṭhār,branch,,,,boehm
Rana,7733,pattā,leaf,,,,boehm
Dang,7733,patyā,leaf,,,,boehm
Chitwan,7733,pātā,leaf,,,,boehm
Morang,7733,pattai,leaf,,,,boehm
Rana,5086,jar,root,,,,boehm
Dang,5086,jar,root,,,,boehm
Chitwan,5086,jari,root,,,,boehm
Morang,5086,jar,root,,,,boehm
Morang,5086,jaḍ,trunk,,,,boehm
Rana,2668,kā̃ṭo,thorn,,,,boehm
Dang,2668,kā̃ṭ,thorn,,,,boehm
Chitwan,2668,kā̃ṭ,thorn,,,,boehm
Morang,2668,kā̃ṭa,thorn,,,,boehm
Rana,9092,phulā,flower,,,,boehm
Dang,9092,phulā,flower,,,,boehm
Chitwan,9092,phulā,flower,,,,boehm
Morang,9092,phul,flower,,,,boehm
Rana,8254,purain,lotus flower,,,,boehm
Dang,8254,purin,lotus flower,,,,boehm
Chitwan,8254,purainik pātā,lotus leaf,,,,boehm
Morang,8254,purain,white species of lotus,,,,boehm
Rana,9051,pharā,fruit,,,,boehm
Dang,9051,phārā,fruit,,,,boehm
Chitwan,9051,phar,fruit,,,,boehm
Morang,9051,phar,fruit,,,,boehm
Rana,1268,ām,mango,,,,boehm
Dang,1268,ām,mango,,,,boehm
Chitwan,1268,ām,mango,,,,boehm
Morang,1268,ām,mango,,,,boehm
Rana,2712,kerā,banana,,,,boehm
Dang,2712,kyā̃rā,banana,,,,boehm
Chitwan,2712,kerā,banana,,,,boehm
Morang,2712,kellā,banana,,,,boehm
Rana,3828,khajuri,date palm,,,,boehm
Dang,3828,khajri,date palm,,,,boehm
Chitwan,3828,khajuri,date palm,,,,boehm
Morang,3828,khãijur,date palm,,,,boehm
Rana,,aṇḍ,papaya,,,,boehm
Dang,n772,myāvā̃,papaya,,,,boehm
Chitwan,n772,mevā,papaya,,,,boehm
Morang,n772,levā,papaya,,,,boehm
Rana,2675,kaṭhahar,jackfruit,,,,boehm
Dang,2675,kaṭhahar,jackfruit,,,,boehm
Chitwan,2675,kaṭahar,jackfruit,,,,boehm
Morang,2675,kaṭhor,jackfruit,,,,boehm
Rana,1388,ālu,potato,,,,boehm
Dang,1388,ālu,potato,,,,boehm
Chitwan,1388,ālo,potato,,,,boehm
Morang,1388,allhu,potato,,,,boehm
Rana,,sakalganj,sweet potato,,,,boehm
Dang,,gãiji,sweet potato,,,,boehm
Chitwan,,suthani aruvā,sweet potato,,,,boehm
Morang,,sakarkan,sweet potato,,,,boehm
Rana,n281,pyāj,onion,,,,boehm
Dang,n281,pyāj,onion,,,,boehm
Chitwan,n281,pyāj,onion,,,,boehm
Morang,n281,pyāj,onion,,,,boehm
Rana,9369,bhā̃ṭā,eggplant,,,,boehm
Dang,9369,bhā̃ṭā,eggplant,,,,boehm
Chitwan,9369,bhā̃ṭā,eggplant,,,,boehm
Morang,11503,beigan,eggplant,,,,boehm
Rana,e84,badām,groundnut,,,,boehm
Dang,e84,badām,groundnut,,,,boehm
Chitwan,e84,badām,groundnut,,,,boehm
Morang,e84,badām,groundnut,,,,boehm
Dang,8205,pippar,pepper,,,,boehm
Chitwan,9875,marcā,pepper,,,,boehm
Morang,9875,marcin,pepper,,,,boehm
Rana,8205,pipar,a creeping herb which has a fruit like a mulberry,,,,boehm
Chitwan,8205,pipari,a creeping plant with a spicy hot taste,,,,boehm
Morang,8205,pipparauli,a creeping plant with a spicy hot taste,,,,boehm
Rana,3374,komheḍā,squash,,,,boehm
Dang,3374,kõharā,squash,,,,boehm
Dang,3374,kvārhā,squash,,,,boehm
Chitwan,3374,kõhãḍ,squash,,,,boehm
Morang,3374,kumhara,squash,,,,boehm
Rana,711,laukā,gourd,,,,boehm
Dang,711,laukā,gourd,,,,boehm
Chitwan,711,laukā,gourd,,,,boehm
Morang,,kaddu,gourd,,,,boehm
Rana,9492,bhinḍi,okra,,,,boehm
Dang,9492,bhenḍi,okra,,,,boehm
Chitwan,9492,bheḍaharni,okra,,,,boehm
Morang,,rāmjhiṅni,okra,,,,boehm
Rana,9724,maṭrā,pea,,,,boehm
Dang,2932,kerāu,pea,,,,boehm
Chitwan,2932,kerāu,pea,,,,boehm
Chitwan,9724,maṭar,pea,,,,boehm
Morang,9724,maṭar,pea,,,,boehm
Rana,9924,masur,lentils,,,,boehm
Dang,9924,masri,lentils,,,,boehm
Chitwan,9924,masuri,lentils,,,,boehm
Morang,9924,musari,lentils,,,,boehm
Rana,398,nāj,food grain,,,,boehm
Dang,398,anāj,food grain,,,,boehm
Chitwan,398,anāj,food grain,,,,boehm
Morang,395,an,food grain,,,,boehm
Rana,6778,dhān,rice (crop),,,,boehm
Dang,6778,dhān,rice (crop),,,,boehm
Chitwan,6778,dhān,rice (crop),,,,boehm
Morang,6778,dhān,rice (crop),,,,boehm
Rana,4287,gehũ,wheat,,,,boehm
Dang,4287,gohũ,wheat,,,,boehm
Chitwan,4287,gohũ,wheat,,,,boehm
Morang,4287,goham,wheat,,,,boehm
Rana,9879,makkā,corn,,,,boehm
Dang,3209,kokni,corn,,,?,boehm
Dang,9879,makai,corn,,,,boehm
Chitwan,9879,makāi,corn,,,,boehm
Morang,9879,makai,corn,,,,boehm
Rana,7958,pairā,rice straw,,,,boehm
Dang,7958,pãirā,rice straw,,,,boehm
Chitwan,7958,porā,rice straw,,,cf. 8800,boehm
Morang,7958,puvāra,rice straw,,,cf. 8800,boehm
Rana,9293,bhusā,wheat straw,,,,boehm
Dang,9293,bhus,wheat straw,,,,boehm
Dang,9293,bhusi,wheat straw,,,,boehm
Chitwan,9293,bhusā,wheat straw,,,,boehm
Morang,9293,bhusa,wheat hull,,,,boehm
Rana,198,arsi,linseed,,,,boehm
Dang,198,arsi,linseed,,,,boehm
Chitwan,198,tisi,linseed,,,,boehm
Morang,4782,ciknā,linseed,,,,boehm
Rana,10688,lāhi,mustard,,,,boehm
Dang,10688,lāhi,mustard,,,,boehm
Dang,13281,sarso,mustard,,,,boehm
Chitwan,6080,rotai,mustard,,,metathesis?,boehm
Morang,13281,serso,mustard,,,,boehm
Rana,1550,ĩkh,sugar cane,,,,boehm
Dang,,khuji,sugar cane,,,,boehm
Dang,,khujhi,sugar cane,,,,boehm
Chitwan,,rukhi,sugar cane,,,,boehm
Morang,3541,kusiyāra,sugar cane,,,,boehm
Rana,5177,jaṅgal,grass,,,,boehm
Dang,4471,ghā̃s,grass,,,,boehm
Chitwan,4471,ghā̃s,grass,,,,boehm
Morang,4471,ghā̃s,grass,,,,boehm
Rana,,gẽḍā,paddy terrace,,,,boehm
Dang,,biyār,paddy terrace,,,,boehm
Chitwan,,biyā̃ḍ,paddy terrace,,,,boehm
Morang,,birār,paddy terrace,,,,boehm
Morang,,biḍār,paddy terrace,,,,boehm
Rana,9250,bij,seed,,,,boehm
Dang,9258,biyār,seed,,,,boehm
Chitwan,9250,biyā,seed,,,,boehm
Morang,9261,bichan,seed,,,,boehm
Rana,6328,din,sun,,,,boehm
Dang,6328,din,sun,,,,boehm
Chitwan,12115,beriyā,sun,,,,boehm
Morang,13574,suruj,sun,,,,boehm
Rana,5301,junhi,moon,,,,boehm
Dang,5301,jonhyā,moon,,,,boehm
Chitwan,5301,jonh,moon,,,,boehm
Morang,4661,cān,moon,,,,boehm
Rana,11567,bādar,sky,,,,boehm
Dang,,akkās,sky,,,,boehm
Chitwan,,akās,sky,,,,boehm
Morang,,megh,sky,,,,boehm
Rana,5798,tārā,star,,,,boehm
Dang,5798,torãiyā,star,,,,boehm
Chitwan,5798,taraṅan,star,,,,boehm
Morang,5798,tārā,star,,,,boehm
Rana,11392,barkhā,rain,,,,boehm
Dang,11392,barkhā,rain,,,,boehm
Chitwan,11392,barkhā,rain,,,,boehm
Morang,8082,pāni,rain,,,,boehm
Rana,11567,badari,cloud,,,,boehm
Dang,11567,badri,cloud,,,,boehm
Chitwan,11567,bādari,cloud,,,,boehm
Morang,11567,bādal,cloud,,,,boehm
Rana,11496,banḍalo,whirlwind,,,,boehm
Dang,11496,bandunyā,whirlwind,,,,boehm
Chitwan,9650,bhãvari,whirlwind,,,,boehm
Morang,,birvār,whirlwind,,,,boehm
Rana,11500,bayār,wind,,,,boehm
Dang,11500,bayāl,wind,,,,boehm
Chitwan,11500,byār,wind,,,,boehm
Morang,11500,bayār,wind,,,,boehm
Rana,3386,koharā,fog (morn),,,,boehm
Dang,3386,kuhir,fog (morn),,,,boehm
Chitwan,3386,kuhĩsā,fog (morn),,,,boehm
Morang,3386,kuha,fog (morn),,,,boehm
Rana,6858,dhundh,haze,,,,boehm
Dang,6858,ḍhũḍhi,haze,,,,boehm
Chitwan,6858,ḍhuḍhi,haze,,,,boehm
Morang,6858,ḍhũn,haze,,,,boehm
Rana,,sit,dew,,,,boehm
Dang,,sit,dew,,,,boehm
Chitwan,,sit,dew,,,,boehm
Morang,,sit,dew,,,,boehm
Rana,8082,pāni,water,,,,boehm
Dang,8082,pāni,water,,,,boehm
Chitwan,8082,pāni,water,,,,boehm
Morang,8082,pāni,water,,,,boehm
Rana,6943,nadiyā,river,,,,boehm
Dang,6943,laddyā,river,,,,boehm
Chitwan,6943,ladi,river,,,,boehm
Morang,6943,laddi,river,,,,boehm
Rana,5742,tāl,pond,,,,boehm
Rana,8425,pokhari,pond,,,,boehm
Dang,5742,talvā,pond,,,,boehm
Chitwan,5742,tāl,pond,,,,boehm
Chitwan,8425,pokharā,pond,,,,boehm
Morang,8425,pokhar,pond,,,,boehm
Rana,9136,bandā,dam,,,,boehm
Dang,9136,bandhā,dam,,,,boehm
Chitwan,9136,bānh,dam,,,,boehm
Morang,9136,bānh,dam,,,,boehm
Morang,9136,bān,dam,,,,boehm
Rana,4414,ghāṭ,river bank,,,,boehm
Dang,4414,ghāṭvā,river bank,,,,boehm
Chitwan,4414,ghāṭ,river bank,,,,boehm
Morang,4414,ghāṭ,river bank,,,,boehm
Rana,7047,nāli,ditch,,,,boehm
Dang,3862,khāvā,ditch,,,,boehm
Chitwan,3862,khāvā,ditch,,,,boehm
Morang,7047,nallā,ditch,,,,boehm
Rana,8857,patthār,stone,,,,boehm
Rana,8857,pattharā,stone,,,,boehm
Dang,8857,patthrā,stone,,,,boehm
Chitwan,5603,ḍhok,stone,,,,boehm
Morang,8857,patthal,stone,,,,boehm
Rana,5523,ḍagar,path,,,,boehm
Dang,5523,daggar,path,,,,boehm
Chitwan,5523,dagar,path,,,,boehm
Morang,5523,dagar,path,,,,boehm
Rana,10816,retā,sand,,,,boehm
Dang,11580,bālu,sand,,,,boehm
Dang,11580,balur,sand,,,,boehm
Chitwan,11580,bālu,sand,,,,boehm
Chitwan,11580,bālus,sand,,,,boehm
Morang,11580,bāllukh,sand,,,,boehm
Rana,55,āgi,fire,,,,boehm
Dang,55,āgi,fire,,,,boehm
Chitwan,55,āgi,fire,,,,boehm
Morang,55,āgin,fire,,,,boehm
Rana,6849,dhũvā,smoke,,,,boehm
Dang,6849,dhũvā,smoke,,,,boehm
Chitwan,6849,dhũvā,smoke,,,,boehm
Morang,6849,dhummā,smoke,,,,boehm
Rana,,bhuvā,ash,,,,boehm
Dang,,bhui,ash,,,,boehm
Chitwan,5021,chāur,ash,,,,boehm
Morang,5021,caur,ash,,,,boehm
Rana,10286,maṭṭi,soil,,,,boehm
Morang,10286,māṭi,soil,,,,boehm
Dang,14118,hilā,mud,,,,boehm
Chitwan,10286,māṭi,clay,,,,boehm
Rana,6835,dhudhar,dust,,,?,boehm
Dang,6835,dhur,dust,,,,boehm
Chitwan,6835,dhuri,dust,,,,boehm
Morang,6835,dhurā,dust,,,,boehm
Rana,5020,chāhĩ,shade,,,,boehm
Dang,5020,chā̃hĩ,shade,,,,boehm
Chitwan,5020,chāhã,shade,,,,boehm
Morang,5020,chahir,shade,,,,boehm
Rana,6328,din,day,,,,boehm
Dang,6328,din,day,,,,boehm
Chitwan,6328,din,day,,,,boehm
Morang,6328,din,day,,,,boehm
Rana,10702,rāt,night,,,,boehm
Dang,10702,rāt,night,,,,boehm
Chitwan,10702,rāt,night,,,,boehm
Morang,10702,rāti,night,,,,boehm
Rana,13291,sabere,morning,,,,boehm
Dang,11813,bihān,morning,,,,boehm
Chitwan,11813,bihān,morning,,,,boehm
Morang,11813,bihān,morning,,,,boehm
Morang,13291,saber,morning,,,,boehm
Rana,e41,dupahar,noon,,,,boehm
Dang,e41,dupahar,noon,,,,boehm
Chitwan,e41,dupahar,noon,,,,boehm
Morang,e41,dopahar,noon,,,,boehm
Rana,12918,sā̃jh,evening,,,,boehm
Dang,12918,sanjhyā,evening,,,,boehm
Chitwan,12918,sānh,evening,,,,boehm
Morang,12918,sā̃jh,evening,,,,boehm
Rana,9634,bhor,dawn,,,,boehm
Dang,9634,bhor,dawn,,,,boehm
Chitwan,,bhinsaharā,dawn,,,,boehm
Morang,9634,bhor,dawn,,,,boehm
Morang,,bhinsarvā,dawn,,,,boehm
Rana,3104,kalh,yesterday,,,,boehm
Dang,3104,kāl,yesterday,,,,boehm
Chitwan,3104,kālhi,yesterday,,,,boehm
Morang,3104,kālhu,tomorrow,,,,boehm
Rana,242,āj,today,,,,boehm
Dang,242,āj,today,,,,boehm
Chitwan,242,āju,today,,,,boehm
Morang,242,āju,today,,,,boehm
Rana,7799j,parsõ,day after tomorrow,,,,boehm
Dang,7799j,parãu,day after tomorrow,,,,boehm
Chitwan,7799j,parsu,day after tomorrow,,,,boehm
Morang,7799j,parsu,day after tomorrow,,,,boehm
Rana,,abai,now,,,,boehm
Dang,,āb,now,,,,boehm
Chitwan,,akhani,now,,,,boehm
Morang,,akhanai,now,,,,boehm
Rana,8652,pahile,before,,,,boehm
Dang,,āgha,before,,,,boehm
Morang,8652,pahiniye,before,,,,boehm
Chitwan,8652,pahine,earlier,,,,boehm
Rana,7990,pichu,afterwards,,,,boehm
Dang,7990,pācha,afterwards,,,,boehm
Chitwan,7990,pāchā,afterwards,,,,boehm
Morang,7990,pāchu,afterwards,,,,boehm
Rana,10048,manai,man,,,,boehm
Dang,10048,manai,man,,,,boehm
Chitwan,9828,manse,man,,,,boehm
Morang,9828,mānus,man,,,,boehm
Rana,,baiyar,woman,,,,boehm
Dang,5103,janni,woman,,,,boehm
Chitwan,5103,jani,woman,,,,boehm
Morang,5103,jalnā,woman,,,,boehm
Rana,9216,bālak,child,,,loan,boehm
Dang,,larkā,child,,,,boehm
Chitwan,9216,bālak,child,,,loan,boehm
Morang,9198,bāu,male child,,,,boehm
Rana,9209,bābā,father,,,,boehm
Dang,9209,bābā,father,,,,boehm
Chitwan,9209,bābā,father,,,,boehm
Morang,9209,bāpu,father,,,,boehm
Rana,997,aiyā,mother,,,,boehm
Dang,6261,dāi,mother,,,?,boehm
Chitwan,6261,dāv,mother,,,?,boehm
Morang,10016,mā̃,mother,,,,boehm
Rana,6261,dadā,older brother,,,,boehm
Rana,6261,daddā,older brother,,,,boehm
Dang,6261,ḍāḍu,older brother,,,,boehm
Chitwan,6261,dādā,older brother,,,,boehm
Morang,6261,dadā,older brother,,,,boehm
Rana,9661,bhaiyā,younger brother,,,,boehm
Dang,9661,bhaiyā,younger brother,,,,boehm
Chitwan,9661,bhāy,younger brother,,,,boehm
Morang,9661,bhyāy,younger brother,,,,boehm
Rana,6327,didi,older sister,,,,boehm
Dang,6327,didi,older sister,,,,boehm
Chitwan,6327,didi,older sister,,,,boehm
Morang,6327,dai,older sister,,,?,boehm
Rana,9349,baheniyā,younger sister,,,,boehm
Dang,,bābu,younger sister,,,,boehm
Chitwan,9349,bahin,younger sister,,,,boehm
Morang,9349,bahin,younger sister,,,,boehm
Rana,9238,beṭā,son,,,,boehm
Dang,5069,chāvā,son,,,,boehm
Chitwan,9238,beṭā,son,,,,boehm
Morang,9238,beṭā,son,,,,boehm
Rana,9238,beṭi,daughter,,,,boehm
Dang,5069,chāi,daughter,,,,boehm
Chitwan,9238,beṭi,daughter,,,,boehm
Morang,9238,beṭi,daughter,,,,boehm
Rana,13875,sāḍhu,wife's sister's husband,,,,boehm
Dang,13875,sāhru,wife's sister's husband,,,,boehm
Chitwan,6546,devān,wife's sister's husband,,,,boehm
Morang,13875,sārhu,wife's sister's husband,,,,boehm
Rana,13130,sautiniyā,co-wife,,,,boehm
Dang,13130,sabvatyā,co-wife,,,,boehm
Chitwan,13130,sautin,co-wife,,,,boehm
Morang,13130,sautini,co-wife,,,,boehm
Rana,6261,dādu,grandfather,,,,boehm
Dang,1348,ājā,grandfather,,,,boehm
Chitwan,1348,ājā,father or mother's maternal uncle,,,,boehm
Morang,1348,ājjā,father's maternal uncle,,,,boehm
Rana,10984,lauḍā,boy,,,,boehm
Dang,10984,lãurā,boy,,,,boehm
Chitwan,5070,chokanā,boy,,,,boehm
Morang,5070,chãuḍā,boy,,,x 10984,boehm
Rana,10984,lãuḍiyā,girl,,,,boehm
Dang,10984,laurriyā,girl,,,,boehm
Chitwan,5070,chauḍi,girl,,,x 10984,boehm
Morang,5070,chãuḍi,girl,,,x 10984,boehm
Rana,12753,sasuru,father-in-law,,,,boehm
Dang,12753,saurvā,father-in-law,,,,boehm
Chitwan,12753,sasur,father-in-law,,,,boehm
Morang,12753,sasur,father-in-law,,,,boehm
Rana,12759,sās,mother-in-law,,,,boehm
Dang,12759,sās,mother-in-law,,,,boehm
Chitwan,12759,sasuiyā,mother-in-law,,,,boehm
Morang,12759,sās,mother-in-law,,,,boehm
Rana,,nātedār,relatives,,,,boehm
Dang,,nātpāt,relatives,,,,boehm
Dang,,nā̃tpā̃t,relatives,,,,boehm
Chitwan,,hitnāt,relatives,,,,boehm
Morang,,nātāgotā,relatives,,,,boehm
Rana,4835,cināru,familiar one,,,,boehm
Dang,4835,cinhāru,familiar one,,,,boehm
Chitwan,4835,cinhāil,familiar one,,,,boehm
Morang,,cinyān ke,familiar one,,,,boehm
Rana,9327,bamnā,Brahmin (sl),,,,boehm
Dang,9327,bahmnā,Brahmin (sl),,,,boehm
Chitwan,9327,bābhan,Brahmin (sl),,,,boehm
Morang,9327,bahunā,Brahmin (sl),,,,boehm
Rana,6727,dhandhu,business,,,,boehm
Dang,6727,dhandhā,business,,,,boehm
Chitwan,6727,dhānhā,business,,,,boehm
Morang,6727,dhannhā,business,,,,boehm
Rana,8283,purānu,old,,,,boehm
Dang,8283,purān,old,,,,boehm
Chitwan,8283,purān,old,,,,boehm
Morang,8283,purnā,old,,,,boehm
Rana,7025,nau,new,,,,boehm
Dang,7025,lauvā,new,,,,boehm
Chitwan,7025,lauṭhā,new,,,?,boehm
Morang,7025,layyā,new,,,,boehm
Rana,11384,baḍhiyā,good,,,,boehm
Dang,,mayā,good,,,,boehm
Chitwan,,ḍaul,good,,,,boehm
Morang,11384,banhiyā̃,good,,,,boehm
Rana,e57,kharāb,bad,,,,boehm
Dang,e57,kharāb,bad,,,,boehm
Chitwan,e57,kharāb,bad,,,,boehm
Morang,e57,kharāb,bad,,,,boehm
Rana,9502,bhiju,wet,,,,boehm
Dang,9502,bhijal,wet,,,,boehm
Chitwan,9502,bhijal,wet,,,,boehm
Morang,9502,bhiṅla,wet,,,,boehm
Rana,12548,sukhu,dry,,,,boehm
Dang,12548,sukhal,dry,,,,boehm
Chitwan,12548,sukhāil,dry,,,,boehm
Morang,12548,sukla,dry,,,,boehm
Rana,10951,lambu,long,,,,boehm
Dang,10951,nammā,long,,,,boehm
Chitwan,10951,namahar,long,,,,boehm
Chitwan,10951,lamahar,long,,,,boehm
Morang,10951,nāma,long,,,,boehm
Rana,5590,ḍhilu,loose,,,,boehm
Dang,5590,ḍhil,loose,,,,boehm
Dang,5590,ḍhilhi,loose,,,,boehm
Chitwan,3927,khokhar,loose,,,,boehm
Morang,5590,ḍhillā,loose,,,,boehm
Chitwan,5590,ḍhil,"lazy, slow",,,,boehm
Rana,5679,tāttu,hot (water),,,,boehm
Dang,5679,tātal,hot (water),,,,boehm
Chitwan,6809,dhikal,hot (water),,,,boehm
Morang,6811,dhipta,hot (water),,,,boehm
Rana,5090,juḍu,cold (water),,,,boehm
Dang,5090,jur,cold (water),,,,boehm
Chitwan,5090,juḍ,cold (water),,,,boehm
Morang,5090,juḍa,cold (water),,,,boehm
Rana,11225,baḍu,big,,,,boehm
Dang,11225,barā,big,,,,boehm
Chitwan,,jabbar,big,,,,boehm
Morang,11225,baḍḍi,older in age,,,,boehm
Rana,5071,choṭu,small,,,,boehm
Dang,5071,choṭi,small,,,,boehm
Chitwan,5395,jhinmin,small,,,,boehm
Chitwan,5071,chuṭki,vocative for addressing a younger brother or sister,,,,boehm
Morang,5071,choṭa,younger in age,,,,boehm
Rana,9465,bhāri,heavy,,,,boehm
Dang,,gamhir,heavy,,,,boehm
Chitwan,,bodahar,heavy,,,,boehm
Morang,9465,bhāri,heavy,,,,boehm
Dang,9465,bhāri,huge,,,,boehm
Chitwan,9459,bhār,load,,,,boehm
Rana,10896,haluku,light,,,,boehm
Dang,10896,haluk,light,,,,boehm
Chitwan,10896,haluk,light,,,,boehm
Morang,10896,halka,light,,,,boehm
Rana,2650,karri,hard,,,,boehm
Dang,,ā̃khar,hard,,,,boehm
Chitwan,,kākhaṭ,hard,,,,boehm
Morang,,kãḍā,hard,,,,boehm
Rana,,gujguju,soft,,,,boehm
Dang,e85,laram,soft,,,,boehm
Chitwan,e85,laram,soft,,,,boehm
Morang,e85,laram,soft,,,,boehm
Rana,4548,cãukalu,broad/wide,,,,boehm
Dang,4548,cākar,broad/wide,,,,boehm
Chitwan,4548,cākar,broad/wide,,,,boehm
Morang,4548,cākra,broad/wide,,,,boehm
Rana,7736,patari,narrow,,,,boehm
Dang,12817,sā̃kir,narrow,,,,boehm
Chitwan,12817,sā̃kaṭi,narrow,,,,boehm
Morang,12817,sā̃kra,narrow,,,,boehm
Rana,13776,ṭhullu,thick,,,,boehm
Dang,13776,ṭhul,thick,,,,boehm
Chitwan,13776,ṭhulh,thick,,,,boehm
Morang,10187,moṭa,thick,,,,boehm
Rana,,ladu,thin,,,,boehm
Dang,7736,pātir,thin,,,,boehm
Chitwan,7736,pātar,thin,,,,boehm
Morang,,sarva,thin,,,,boehm
Rana,,tupu,covered,,,,boehm
Dang,,chvāpal,covered,,,,boehm
Chitwan,,jhõpal,covered,,,,boehm
Morang,,khapala,covered,,,,boehm
Morang,,topla,covered with soil,,,,boehm
Rana,,laṅgḍu,bare,,,,boehm
Dang,,naṅṭa,bare,,,,boehm
Chitwan,,neṅṭai,bare,,,,boehm
Chitwan,,leṅṭai,bare,,,,boehm
Morang,,nāṅṭe,bare,,,,boehm
Rana,,ṭāḍho,curved,,,,boehm
Dang,,tyā̃r,curved,,,,boehm
Chitwan,,tẽḍh,curved,,,,boehm
Morang,,ṭeḍha,curved,,,,boehm
Rana,,sudh,straight,,,,boehm
Dang,,svājh,straight,,,,boehm
Chitwan,,sojh,straight,,,,boehm
Morang,,sojha,straight,,,,boehm
Rana,,silsilu,smooth,,,,boehm
Dang,,cikṭār,smooth,,,,boehm
Chitwan,,cikaṭ,smooth,,,,boehm
Morang,,cikana,smooth,,,,boehm
Rana,,kaḍkaḍiyāru,rough,,,,boehm
Dang,,khasrār,rough,,,,boehm
Chitwan,,kasurār,rough,,,,boehm
Chitwan,,kasuḍār,rough,,,,boehm
Morang,,khosara,rough,,,,boehm
Rana,,niman,soil,,,,boehm
Dang,,gādar,soil,,,,boehm
Chitwan,,khanyu,soil,,,,boehm
Morang,,ṭhanṭhan,soil,,,,boehm
Rana,,gadar,"half-ripe, hard fruit",,,,boehm
Chitwan,,gedrās,"half-ripe, hard fruit",,,,boehm
Rana,,dhõdhar,hollow,,,,boehm
Dang,,khvākhar,hollow,,,,boehm
Chitwan,,khokhar,hollow,,,,boehm
Morang,,khokkhā,hollow,,,,boehm
Morang,,dhõḍhar,hollow,,,,boehm
Rana,,ubhku,open,,,,boehm
Rana,,khulu,open,,,,boehm
Dang,,ubvākal,open,,,,boehm
Dang,,khulal,open,,,,boehm
Chitwan,,ubhkal,open,,,,boehm
Chitwan,,khulal,open,,,,boehm
Morang,,kholla,open,,,,boehm
Rana,,lapku,flexible,,,,boehm
Dang,,lackanahā,flexible,,,,boehm
Chitwan,,lackāh,flexible,,,,boehm
Morang,,lucpuchā,flexible,,,,boehm
Rana,,gahiru,deep,,,,boehm
Dang,,gahir,deep,,,,boehm
Chitwan,,gahir,deep,,,,boehm
Morang,,gahira,deep,,,,boehm
Rana,,uthalu,shallow,,,,boehm
Dang,,ũkhuṭ,shallow,,,,boehm
Chitwan,,ṭāḍi,shallow,,,,boehm
Morang,,kanjān gahirā,shallow,,,,boehm
Rana,,ãiṭhu,twisted,,,,boehm
Dang,,ãiṭhal,twisted,,,,boehm
Chitwan,,ãṭiral,twisted,,,,boehm
Morang,,bā̃ṭla,twisted,,,,boehm
Morang,,ẽṭhla,proud person,,,,boehm
Rana,,thublu,dull,,,,boehm
Dang,,ṭhũṭh,dull,,,,boehm
Chitwan,,khuṭ,dull,,,,boehm
Morang,,bhothara,dull,,,,boehm
Chitwan,,ṭhũṭh,tree trunk with top cut off,,,,boehm
Rana,,suktu,easy,,,,boehm
Dang,,lirausi,easy,,,,boehm
Chitwan,,usār,easy,,,,boehm
Morang,,sojha,easy,,,,boehm
Rana,,karru,difficult,,,,boehm
Dang,,karrā,difficult,,,,boehm
Chitwan,,bihar,difficult,,,,boehm
Morang,,kãḍā,difficult,,,,boehm
Rana,,sigaru,whole,,,,boehm
Dang,,salahā,whole,,,,boehm
Chitwan,,sagahagā,whole,,,,boehm
Morang,,goṭṭe,whole,,,,boehm
Rana,,phuṭu,broken,,,,boehm
Dang,,phuṭal,broken,,,,boehm
Chitwan,,phuṭal,broken,,,,boehm
Morang,,phuṭla,broken,,,,boehm
Rana,,setu,white,,,,boehm
Dang,,ujjar,white,,,,boehm
Chitwan,,gorahar,white,,,,boehm
Morang,,ujra,white,,,,boehm
Rana,,ujiyāru,bright,,,,boehm
Chitwan,,ijor,bright daylight,,,,boehm
Rana,,kāru,black,,,,boehm
Dang,,karyā,black,,,,boehm
Chitwan,,kariyā,black,,,,boehm
Morang,,kāriya,black,,,,boehm
Rana,,lāl,red,,,,boehm
Dang,,lāl,red,,,,boehm
Chitwan,,lāl,red,,,,boehm
Morang,,lāl,red,,,,boehm
Rana,,haru,green,,,,boehm
Chitwan,,hariyar,green,,,,boehm
Morang,,harihar,green,,,,boehm
Dang,,hariyar,yellow,,,,boehm
Rana,,bāũ,left,,,,boehm
Dang,,bā̃u,left,,,,boehm
Chitwan,,labaḍi,left,,,,boehm
Morang,,bammā,left,,,,boehm
Rana,,dahinā,right,,,,boehm
Dang,,dāhini,right,,,,boehm
Chitwan,,dahini,right,,,,boehm
Morang,,dahinā,right,,,,boehm
Rana,,ḍhiṅgai,near,,,,boehm
Dang,,laggu,near,,,,boehm
Chitwan,,lijki,near,,,,boehm
Morang,,ṭāmai,near,,,,boehm
Rana,,dur,far,,,,boehm
Dang,,dus,far,,,,boehm
Chitwan,,dur,far,,,,boehm
Morang,,dur,far,,,,boehm
Rana,,upar,above/upper,,,,boehm
Dang,,upar,above/upper,,,,boehm
Chitwan,,upar,above/upper,,,,boehm
Morang,,upar,above/upper,,,,boehm
Rana,,tare,below,,,,boehm
Dang,,tara,below,,,,boehm
Chitwan,,tar,below,,,,boehm
Morang,,tara me,below,,,,boehm
Rana,,jãuri,beside,,,,boehm
Dang,,panjra,beside,,,,boehm
Chitwan,,panjyurvā,beside,,,,boehm
Morang,,pānjarā,beside,,,,boehm
Rana,,gāḍhu,thick (liquid),,,,boehm
Dang,,gārh,thick (liquid),,,,boehm
Chitwan,,moṭkhar,thick (liquid),,,,boehm
Morang,,moṭa,thick (liquid),,,,boehm
Rana,,ghanu,dense,,,,boehm
Dang,,ghan,dense,,,,boehm
Chitwan,,ghan,dense,,,,boehm
Morang,,ghana,dense,,,,boehm
Rana,,bigarā,sparse,,,,boehm
Dang,,birar,sparse,,,,boehm
Chitwan,,pātar,sparse,,,,boehm
Morang,,pātra,sparse,,,,boehm
Rana,,miṭhu,sweet,,,,boehm
Dang,,guri,sweet,,,,boehm
Chitwan,,gurih,sweet,,,,boehm
Morang,,guriya,sweet,,,,boehm
Rana,,guḍ,brown sugar,,,,boehm
Rana,,titu,hot (spicy),,,,boehm
Dang,,koru,hot (spicy),,,,boehm
Chitwan,,karuh,hot (spicy),,,,boehm
Morang,,karva,hot (spicy),,,,boehm
Rana,,karvāt,bitter,,,,boehm
Dang,,tit,bitter,,,,boehm
Chitwan,,titā,bitter,,,,boehm
Morang,,tita,bitter,,,,boehm
Rana,,khaṭṭu,sour,,,,boehm
Dang,,amil,sour,,,,boehm
Chitwan,,amit,sour,,,,boehm
Morang,,khaṭṭā,sour,,,,boehm
Rana,,amlolā,sour tasting herb,,,,boehm
Rana,,pakku,ripe,,,,boehm
Rana,,paku,ripe,,,,boehm
Dang,,pākal,ripe,,,,boehm
Chitwan,,pāka,ripe,,,,boehm
Morang,,pakkā,ripe,,,,boehm
Rana,,kaccu,unripe,,,,boehm
Dang,,kaccha,unripe,,,,boehm
Chitwan,,kā̃ce,unripe,,,,boehm
Morang,,kā̃ca,unripe,,,,boehm
Rana,,balguru,strong,,,,boehm
Dang,,balgar,strong,,,,boehm
Chitwan,,balgar,strong,,,,boehm
Morang,,bariya,strong,,,,boehm
Rana,,ãdharā,blind,,,,boehm
Dang,,ā̃dhar,blind,,,,boehm
Chitwan,,ānhar,blind,,,,boehm
Morang,,enrha,blind,,,,boehm
Rana,,bahirā,deaf,,,,boehm
Dang,,bahir,deaf,,,,boehm
Chitwan,,bahir,deaf,,,,boehm
Morang,,bahira,deaf,,,,boehm
Rana,,ṭhāḍhu,vertical,,,,boehm
Dang,,ṭhār,vertical,,,,boehm
Chitwan,,ṭhārh,vertical,,,,boehm
Morang,,ṭhāḍha,vertical,,,,boehm
Rana,,bãḍu,horizontal,,,,boehm
Dang,,byā̃r,horizontal,,,,boehm
Chitwan,,bẽḍe,horizontal,,,,boehm
Morang,,bari,horizontal beam,,,,boehm
Rana,,alsi,"lazy, slow",,,,boehm
Dang,,alsi,"lazy, slow",,,,boehm
Chitwan,,alsihar,"lazy, slow",,,,boehm
Morang,,alchihā,"lazy, slow",,,,boehm
Rana,,hāli,quickly,,,,boehm
Dang,,hāli,quickly,,,,boehm
Chitwan,,halhāli,quickly,,,,boehm
Morang,,jaldi,quickly,,,,boehm
Rana,,ḍhilu,slowly,,,,boehm
Dang,,ḍhilo,slowly,,,,boehm
Chitwan,,ḍhilaha,slowly,,,,boehm
Chitwan,,rase rase,slowly,,,,boehm
Morang,,rase rase,slowly,,,,boehm
Rana,,ek,one,,,,boehm
Dang,,ek,one,,,,boehm
Chitwan,,ek,one,,,,boehm
Morang,,ek,one,,,,boehm
Rana,,dui,two,,,,boehm
Dang,,dui,two,,,,boehm
Chitwan,,dui,two,,,,boehm
Morang,,dui,two,,,,boehm
Rana,,tin,three,,,,boehm
Dang,,tin,three,,,,boehm
Chitwan,,tin,three,,,,boehm
Morang,,tin,three,,,,boehm
Rana,,cār,four,,,,boehm
Dang,,cār,four,,,,boehm
Chitwan,,cār,four,,,,boehm
Morang,,cār,four,,,,boehm
Rana,,pā̃c,five,,,,boehm
Dang,,pā̃c,five,,,,boehm
Chitwan,,pā̃c,five,,,,boehm
Morang,,pā̃c,five,,,,boehm
Rana,,che,six,,,,boehm
Dang,,cha,six,,,,boehm
Chitwan,,chau,six,,,,boehm
Morang,,chau,six,,,,boehm
Rana,,sāt,seven,,,,boehm
Dang,,sāt,seven,,,,boehm
Chitwan,,sāt,seven,,,,boehm
Morang,,sāt,seven,,,,boehm
Rana,,āṭh,eight,,,,boehm
Dang,,āṭh,eight,,,,boehm
Chitwan,,āṭh,eight,,,,boehm
Morang,,āṭh,eight,,,,boehm
Rana,,nau,nine,,,,boehm
Dang,,nãu,nine,,,,boehm
Chitwan,,lau,nine,,,,boehm
Morang,,nu,nine,,,,boehm
Rana,,das,ten,,,,boehm
Dang,,das,ten,,,,boehm
Chitwan,,das,ten,,,,boehm
Morang,,das,ten,,,,boehm
Rana,,gyārah,eleven,,,,boehm
Dang,,gyāra,eleven,,,,boehm
Chitwan,,egārah,eleven,,,,boehm
Morang,,egāra,eleven,,,,boehm
Rana,,bārah,twelve,,,,boehm
Dang,,bāra,twelve,,,,boehm
Chitwan,,bārah,twelve,,,,boehm
Morang,,bāra,twelve,,,,boehm
Rana,,solah,sixteen,,,,boehm
Dang,,sora,sixteen,,,,boehm
Chitwan,,sorah,sixteen,,,,boehm
Morang,,sola,sixteen,,,,boehm
Rana,,unnais,nineteen,,,,boehm
Dang,,unnais,nineteen,,,,boehm
Chitwan,,unais,nineteen,,,,boehm
Morang,,unnais,nineteen,,,,boehm
Rana,,bis,twenty,,,,boehm
Dang,,bis,twenty,,,,boehm
Chitwan,,bis,twenty,,,,boehm
Morang,,bis,twenty,,,,boehm
Rana,,sattar,seventy,,,,boehm
Dang,,sahattar,seventy,,,,boehm
Chitwan,,sattar,seventy,,,,boehm
Morang,,satthar,seventy,,,,boehm
Rana,,ek say,one hundred,,,,boehm
Dang,,seye,one hundred,,,,boehm
Chitwan,,ek say,one hundred,,,,boehm
Morang,,ek se,one hundred,,,,boehm
Rana,,unancās,forty-nine,,,,boehm
Dang,,uncās,forty-nine,,,,boehm
Chitwan,,uncās,forty-nine,,,,boehm
Morang,,unpacās,forty-nine,,,,boehm
Rana,,pahilo,first,,,,boehm
Dang,,pahilā,first,,,,boehm
Chitwan,,pahinā,first,,,,boehm
Morang,,parthan,first,,,,boehm
Rana,,aggu,leading one,,,,boehm
Dang,,aghvā,leading one,,,,boehm
Chitwan,,aguhar,leading one,,,,boehm
Morang,,āgu,leading one,,,,boehm
Rana,,pacchu,last one,,,,boehm
Dang,,pachvā,last one,,,,boehm
Chitwan,,pachuvā,last one,,,,boehm
Morang,,pāchu,last one,,,,boehm
Rana,,dobbar,double,,,,boehm
Rana,,dobar,double,,,,boehm
Dang,,dobbar,double,,,,boehm
Chitwan,,dobbar,double,,,,boehm
Morang,,dobar,double,,,,boehm
Rana,,bit,span,,,,boehm
Dang,,bittā,span,,,,boehm
Chitwan,,bittā,span,,,,boehm
Morang,,bittā,span,,,,boehm
Rana,,kam,few,,,,boehm
Dang,,kam,few,,,,boehm
Chitwan,,kamāhẽ,few,,,,boehm
Morang,,kanhijarān,few,,,,boehm
Rana,,bahut,many,,,,boehm
Dang,,ḍhyār,many,,,,boehm
Dang,,ḍhernāk,many,,,,boehm
Chitwan,,ḍherāhẽ,many,,,,boehm
Morang,,bahut,many,,,,boehm
Rana,,sab,all,,,,boehm
Dang,,sakku,all,,,,boehm
Chitwan,,jāmā,all,,,,boehm
Morang,,saunā,all,,,,boehm
Chitwan,,sabse,all of,,,,boehm
Dang,,aṭkā,extra,,,,boehm
Chitwan,,ãṭkar,extra,,,,boehm
Morang,,besi,extra,,,,boehm
Rana,,kachu,some/something,,,,boehm
Dang,,kucchu,some/something,,,,boehm
Chitwan,,kathiyo,some/something,,,,boehm
Morang,,kuchu kuchu,some/something,,,,boehm
Rana,,māyā̃,love,,,,boehm
Dang,,māyā̃,love,,,,boehm
Chitwan,,māyā̃,love,,,,boehm
Morang,,māyā̃,love,,,,boehm
Rana,,ghin,hate,,,,boehm
Dang,,ghin,hate,,,,boehm
Chitwan,,ghin,hate,,,,boehm
Morang,,ghin,hate,,,,boehm
Rana,,lālac,greed,,,,boehm
Dang,,lvābh,greed,,,,boehm
Dang,,lobh,greed,,,,boehm
Dang,,lālac,greed,,,,boehm
Chitwan,,lobh,greed,,,,boehm
Chitwan,,lālac,greed,,,,boehm
Morang,,lobh,greed,,,,boehm
Morang,,lālac,greed,,,,boehm
Rana,,tyauhār,festival,,,,boehm
Dang,,parbā,festival,,,,boehm
Chitwan,,pāban,festival,,,,boehm
Morang,,pāvan,festival,,,,boehm
Morang,,paurni,festival,,,,boehm
Rana,,galti,fault,,,,boehm
Dang,,dos,fault,,,,boehm
Chitwan,,dos,fault,,,,boehm
Chitwan,,galti,fault,,,,boehm
Morang,,dos,fault,,,,boehm
Rana,,abki,this time,,,,boehm
Dang,,akhi,this time,,,,boehm
Chitwan,,abkhi,this time,,,,boehm
Morang,,khep,this time,,,,boehm
Rana,,rog,disease,,,,boehm
Dang,,rvāg,disease,,,,boehm
Dang,,rog,disease,,,,boehm
Chitwan,,rog,disease,,,,boehm
Morang,,bimāri,disease,,,,boehm
Rana,,jaḍu,fever,,,,boehm
Dang,,jar,fever,,,,boehm
Chitwan,,jar,fever,,,,boehm
Morang,,jar,fever,,,,boehm
Rana,,khokhi,cough,,,,boehm
Dang,,khõkhi,cough,,,,boehm
Dang,,khõki,cough,,,,boehm
Chitwan,,khokhi,cough,,,,boehm
Chitwan,,khõkhai,cough,,,,boehm
Morang,,khokhi,cough,,,,boehm
Rana,,hucki,hiccup,,,,boehm
Dang,,khuṭki,hiccup,,,,boehm
Chitwan,,hẽkci,hiccup,,,,boehm
Morang,,hekci,hiccup,,,,boehm
Rana,,bis,poison,,,,boehm
Dang,,bis,poison,,,,boehm
Chitwan,,bis,poison,,,,boehm
Morang,,bikh,poison,,,,boehm
Rana,,nind,sleep (noun),,,,boehm
Rana,,nindh,sleep (noun),,,,boehm
Dang,,nin,sleep (noun),,,,boehm
Chitwan,,nin,sleep (noun),,,,boehm
Morang,,nin,sleep (noun),,,,boehm
Rana,,laḍai,battle,,,,boehm
Dang,,larāi,battle,,,,boehm
Chitwan,,laḍāi,battle,,,,boehm
Morang,,laḍai,battle,,,,boehm
Rana,,mol,price,,,,boehm
Dang,,mvā̃l,price,,,,boehm
Chitwan,,mol,price,,,,boehm
Morang,,dām,price,,,,boehm
Rana,,cinhā,mark,,,,boehm
Dang,,cinhā,mark,,,,boehm
Chitwan,,cinhā,mark,,,,boehm
Morang,,cinha,mark,,,,boehm
Rana,,kaun,who?,,,,boehm
Dang,,ke,who?,,,,boehm
Chitwan,,kaune,who?,,,,boehm
Morang,,ke,who?,,,,boehm
Rana,,kā,what?,,,,boehm
Dang,,kā,what?,,,,boehm
Chitwan,,kathi,what?,,,,boehm
Morang,,kun,what?,,,,boehm
Rana,,kahā̃,where?,,,,boehm
Dang,,kahā̃,where?,,,,boehm
Chitwan,,kahvā̃,where?,,,,boehm
Morang,,kate,where?,,,,boehm
Rana,,kab,when?,,,,boehm
Dang,,kaihyā,when?,,,,boehm
Dang,,kaba,when?,,,,boehm
Chitwan,,kahiyā,when?,,,,boehm
Morang,,kahiyā,when?,,,,boehm
Rana,,kitke,how many?,,,,boehm
Rana,,kitte,how many?,,,,boehm
Dang,,kaṭhyāk,how many?,,,,boehm
Dang,,kattā,how many?,,,,boehm
Chitwan,,katek,how many?,,,,boehm
Morang,,kyāṭā,how many?,,,,boehm
Rana,,kaun kisim,what kind?,,,,boehm
Dang,,kaisan,what kind?,,,,boehm
Chitwan,,kaskun,what kind?,,,,boehm
Morang,,kiraṅ,what kind?,,,,boehm
Rana,,mãi,I (1sg),,,,boehm
Dang,,mãi,I (1sg),,,,boehm
Chitwan,,mõĩ,I (1sg),,,,boehm
Morang,,hamẽ,I (1sg),,,,boehm
Rana,,tãi,you (int),,,,boehm
Dang,,tãi,you (int),,,,boehm
Chitwan,,toĩ,you (int),,,,boehm
Morang,,tyā̃,you (int),,,,boehm
Rana,,tum,you (inf),,,,boehm
Dang,,tu,you (inf),,,,boehm
Chitwan,,toĩ,you (inf),,,,boehm
Morang,,tyā̃,you (inf),,,,boehm
Dang,,apna,you (frm),,,,boehm
Chitwan,,apnā,you (frm),,,,boehm
Morang,,tyā̃,you (frm),,,,boehm
Rana,,ham,we,,,,boehm
Dang,,hamra,we,,,,boehm
Chitwan,,hamrā,we,,,,boehm
Morang,,hamarā siyā,we,,,,boehm
Rana,,tum,you (pl),,,,boehm
Dang,,turha,you (pl),,,,boehm
Chitwan,,tohãrā,you (pl),,,,boehm
Morang,,torā siyā,you (pl),,,,boehm
Rana,,be,they,,,,boehm
Dang,,hũkra,they,,,,boehm
Chitwan,,huṅkā,they,,,,boehm
Morang,,okarā siyā,they,,,,boehm
Rana,,jā,this time,,,,boehm
Dang,,i,this time,,,,boehm
Chitwan,,i,this time,,,,boehm
Chitwan,,ihai,this time,,,,boehm
Morang,,i,this time,,,,boehm
Rana,,bo,that,,,,boehm
Dang,,u,that,,,,boehm
Chitwan,,u,that,,,,boehm
Chitwan,,uhai,that,,,,boehm
Morang,,u,that,,,,boehm
Rana,,je,these,,,,boehm
Dang,,yi,these,,,,boehm
Dang,,hĩkra,these,,,,boehm
Chitwan,,ihai,these,,,,boehm
Morang,,inā,these,,,,boehm
Rana,,be,those,,,,boehm
Dang,,u,those,,,,boehm
Dang,,hũkra,those,,,,boehm
Chitwan,,uhai,those,,,,boehm
Morang,,vahyāna,those,,,,boehm
Rana,,jā,which,,,,boehm
Dang,,je,which,,,,boehm
Chitwan,,jaun,which,,,,boehm
Morang,,je,which,,,,boehm
Rana,,bāko,"his (frm, dis)",,,,boehm
Dang,,hũkahar,"his (frm, dis)",,,,boehm
Chitwan,,hunkar,"his (frm, dis)",,,,boehm
Morang,,okara,"his (frm, dis)",,,,boehm
Rana,,bāko,"his (frm, pr)",,,,boehm
Dang,,hĩkahar,"his (frm, pr)",,,,boehm
Chitwan,,hiṅkar,"his (frm, pr)",,,,boehm
Morang,,yakarā,"his (frm, pr)",,,,boehm
Rana,,bāko,"his (inf, dis)",,,,boehm
Dang,,vākar,"his (inf, dis)",,,,boehm
Chitwan,,okar,"his (inf, dis)",,,,boehm
Morang,,okarā,"his (inf, dis)",,,,boehm
Rana,,bāko,"his (inf, pr)",,,,boehm
Dang,,yākar,"his (inf, pr)",,,,boehm
Chitwan,,ekar,"his (inf, pr)",,,,boehm
Morang,,yakarā,"his (inf, pr)",,,,boehm
Rana,,dusari,other,,,,boehm
Dang,,dvāsar,other,,,,boehm
Chitwan,,dosar,other,,,,boehm
Morang,,dosar,other,,,,boehm
Rana,,itkā,this much,,,,boehm
Dang,,atarā,this much,,,,boehm
Chitwan,,iturā,this much,,,,boehm
Morang,,yatnyā,this much,,,,boehm
Rana,,utkā,that much,,,,boehm
Rana,,otkā,that much,,,,boehm
Chitwan,,uturā,that much,,,,boehm
Morang,,otnyā,that much,,,,boehm
Rana,,khā-,to eat,,,,boehm
Dang,,khai-,to eat,,,,boehm
Chitwan,,khai-,to eat,,,,boehm
Morang,,khyā-,to eat,,,,boehm
Rana,,kāṭ-,to bite,,,,boehm
Dang,,kaṭ-,to bite,,,,boehm
Chitwan,,kaṭ-,to bite,,,,boehm
Morang,,dhār-,to bite,,,,boehm
Rana,,pi-,to drink,,,,boehm
Dang,,pi-,to drink,,,,boehm
Chitwan,,pi-,to drink,,,,boehm
Morang,,pibe-,to drink,,,,boehm
Rana,,bukh-,to be hungry,,,,boehm
Dang,,bukh-,to be hungry,,,,boehm
Chitwan,,bukh-,to be hungry,,,,boehm
Morang,,bukh-,to be hungry,,,,boehm
Rana,,pyās-,to be thirsty,,,,boehm
Dang,,pyās-,to be thirsty,,,,boehm
Chitwan,,pyās-,to be thirsty,,,,boehm
Morang,,pyās-,to be thirsty,,,,boehm
Rana,,neṅ-,to walk,,,,boehm
Dang,,neṅ-,to walk,,,,boehm
Chitwan,,bul-,to walk,,,,boehm
Morang,,lar-,to walk,,,,boehm
Rana,,dauḍ-,to run,,,,boehm
Dang,,daur-,to run,,,,boehm
Chitwan,,dagur-,to run,,,,boehm
Morang,,daur-,to run,,,,boehm
Rana,,jā-,to go,,,,boehm
Dang,,jai-,to go,,,,boehm
Chitwan,,jāi-,to go,,,,boehm
Morang,,jyā-,to go,,,,boehm
Rana,,ā-,to come,,,,boehm
Dang,,ai-,to come,,,,boehm
Chitwan,,ava-,to come,,,,boehm
Morang,,yā-,to come,,,,boehm
Rana,,baiṭ-,to sit,,,,boehm
Dang,,baiṭh-,to sit,,,,boehm
Chitwan,,baiṭh-,to sit,,,,boehm
Morang,,baiṭ-,to sit,,,,boehm
Rana,,leṭ-,to lie down,,,,boehm
Dang,,omra-,to lie down,,,,boehm
Chitwan,,leṭ-,to lie down,,,,boehm
Morang,,oṅaṭh-,to lie down,,,,boehm
Rana,,so-,to sleep,,,,boehm
Dang,,sut-,to sleep,,,,boehm
Chitwan,,sut-,to sleep,,,,boehm
Morang,,sut-,to sleep,,,,boehm
Rana,,hãdā-,to bathe,,,,boehm
Dang,,laha-,to bathe,,,,boehm
Chitwan,,lahā-,to bathe,,,,boehm
Morang,,oslāṅ kar-,to bathe,,,,boehm
Rana,,khel-,to play,,,,boehm
Dang,,khel-,to play,,,,boehm
Chitwan,,khel-,to play,,,,boehm
Morang,,khel-,to play,,,,boehm
Rana,,khel-,he played,,,,boehm
Dang,,khyāl-,he played,,,,boehm
Chitwan,,khel-,he played,,,,boehm
Morang,,khel-,he played,,,,boehm
Rana,,de-,to give,,,,boehm
Dang,,de-,to give,,,,boehm
Chitwan,,de-,to give,,,,boehm
Morang,,dah-,to give,,,,boehm
Rana,,di-,he gave,,,,boehm
Dang,,di-,he gave,,,,boehm
Chitwan,,di-,he gave,,,,boehm
Morang,,de-,he gave,,,,boehm
Rana,,le-,to take,,,,boehm
Dang,,le-,to take,,,,boehm
Chitwan,,le-,to take,,,,boehm
Morang,,le-,to take,,,,boehm
Rana,,le-,he took,,,,boehm
Dang,,li-,he took,,,,boehm
Chitwan,,la-,he took,,,,boehm
Morang,,le-,he took,,,,boehm
Rana,,chu-,to touch,,,,boehm
Dang,,chu-,to touch,,,,boehm
Chitwan,,chu-,to touch,,,,boehm
Morang,,chuh-,to touch,,,,boehm
Rana,,chol-,to scrape,,,,boehm
Dang,,chol-,to scrape,,,,boehm
Chitwan,,chil-,to scrape,,,,boehm
Morang,,chil-,to scrape,,,,boehm
Rana,,kar-,to do,,,,boehm
Dang,,kar-,to do,,,,boehm
Chitwan,,kar-,to do,,,,boehm
Morang,,kar-,to do,,,,boehm
Rana,,mar-,to die,,,,boehm
Dang,,mu-,to die,,,,boehm
Chitwan,,mar-,to die,,,,boehm
Morang,,mar-,to die,,,,boehm
Rana,,mār-,to kill,,,,boehm
Dang,,mar-,to kill,,,,boehm
Chitwan,,mār-,to kill,,,,boehm
Morang,,mār-,to kill,,,,boehm
Rana,,bol-,to speak,,,,boehm
Dang,,bol-,to speak,,,,boehm
Chitwan,,bol-,to speak,,,,boehm
Morang,,bol-,to speak,,,,boehm
Rana,,bol-,he spoke,,,,boehm
Dang,,bvāl-,he spoke,,,,boehm
Chitwan,,bol-,he spoke,,,,boehm
Morang,,bol-,he spoke,,,,boehm
Rana,,pũch-,to ask,,,,boehm
Dang,,puch-,to ask,,,,boehm
Chitwan,,puch-,to ask,,,,boehm
Morang,,puch-,to ask,,,,boehm
Rana,,dekh-,to see,,,,boehm
Dang,,dekh-,to see,,,,boehm
Chitwan,,dekh-,to see,,,,boehm
Morang,,dekh-,to see,,,,boehm
Rana,,dekh-,he saw,,,,boehm
Dang,,dyākh-,he saw,,,,boehm
Chitwan,,dekh-,he saw,,,,boehm
Morang,,dekh-,he saw,,,,boehm
Rana,,sun-,to heart,,,,boehm
Dang,,sun-,to heart,,,,boehm
Chitwan,,sun-,to heart,,,,boehm
Morang,,sun-,to heart,,,,boehm
Rana,,suṅgh-,to smell,,,,boehm
Dang,,suṅh-,to smell,,,,boehm
Chitwan,,suṅh-,to smell,,,,boehm
Morang,,suhṅ-,to smell,,,,boehm
Rana,,uḍel-,to pour out,,,,boehm
Dang,,ḍār-,to pour out,,,,boehm
Chitwan,,ḍhar-,to pour out,,,,boehm
Morang,,ḍhār-,to pour out,,,,boehm
Rana,,bhũj-,to fry,,,,boehm
Dang,,bhuj-,to fry,,,,boehm
Chitwan,,bhuj-,to fry,,,,boehm
Morang,,bhuj-,to fry,,,,boehm
Rana,,tatto kar-,to heat,,,,boehm
Dang,,dikhai-,to heat,,,,boehm
Chitwan,,dhik-,to heat,,,,boehm
Morang,,dhip-,to heat,,,,boehm
Rana,,gin-,to count,,,,boehm
Dang,,gan-,to count,,,,boehm
Chitwan,,gan-,to count,,,,boehm
Morang,,gan-,to count,,,,boehm
Rana,,saha-,to endure,,,,boehm
Dang,,saha-,to endure,,,,boehm
Chitwan,,saha-,to endure,,,,boehm
Morang,,saha-,to endure,,,,boehm
Rana,,pirā-,to pain,,,,boehm
Dang,,bãṭhai-,to pain,,,,boehm
Chitwan,,bathai-,to pain,,,,boehm
Morang,,dukh-,to pain,,,,boehm
Rana,,jar-,to burn,,,,boehm
Dang,,jar-,to burn,,,,boehm
Chitwan,,jar-,to burn,,,,boehm
Morang,,jar-,to burn,,,,boehm
Rana,,uḍ-,to fly,,,,boehm
Dang,,ur-,to fly,,,,boehm
Chitwan,,uḍi-,to fly,,,,boehm
Morang,,ũḍ-,to fly,,,,boehm
Rana,,khaul-,to boil,,,,boehm
Dang,,khaulai-,to boil,,,,boehm
Chitwan,,khaul-,to boil,,,,boehm
Morang,,barkal-,to boil,,,,boehm
Rana,,saḍ-,to become rotten,,,,boehm
Dang,,sar-,to become rotten,,,,boehm
Chitwan,,sar-,to become rotten,,,,boehm
Morang,,saḍ-,to become rotten,,,,boehm
Rana,,milā-,to mix,,,,boehm
Dang,,san-,to mix,,,,boehm
Dang,,milai-,to mix,,,,boehm
Chitwan,,san-,to mix,,,,boehm
Chitwan,,mijrā-,to mix,,,,boehm
Morang,,sanh-,to mix,,,,boehm
Morang,,mila-,to mix,,,,boehm
Rana,,phẽk-,to cast away,,,,boehm
Dang,,phãk-,to cast away,,,,boehm
Chitwan,,phāk-,to cast away,,,,boehm
Morang,,phẽk-,to cast away,,,,boehm
Rana,,acchu ho-,to heal,,,,boehm
Dang,,cokhai-,to heal,,,,boehm
Chitwan,,chokh-,to heal,,,,boehm
Morang,,cokh-,to heal,,,,boehm
Dang,,aktyai-,to be worried,,,,boehm
Chitwan,,akut-,to be worried,,,,boehm
Rana,,akutā-,"to be bored, fatigued",,,,boehm
Rana,,ḍarpā-,to frighten,,,,boehm
Dang,,ḍurvai-,to frighten,,,,boehm
Chitwan,,ḍer-,to frighten,,,,boehm
Morang,,ḍara-,to frighten,,,,boehm
Rana,,dikkā-,to be angry,,,,boehm
Dang,,bhusyai-,to be angry,,,,boehm
Chitwan,,khisi-,to be angry,,,,boehm
Morang,,risai-,to be angry,,,,boehm
Rana,,cet-,to realize,,,,boehm
Dang,,cet-,to realize,,,,boehm
Chitwan,,cet-,to realize,,,,boehm
Morang,,cet-,to realize,,,,boehm
Rana,,cet-,he realized,,,,boehm
Dang,,cyāt-,he realized,,,,boehm
Chitwan,,cet-,he realized,,,,boehm
Morang,,cet-,he realized,,,,boehm