d1,"*aṯṯ-, *āṯṯ-, *a-tu, *a-n(V)k-, *ā-n(V)k, *ā-t-, *ā-tt-, *a-nV, *a-nṯu, *ap-pōẓ, *a-mpV, *a-l(l)V, *av-anṯu, *avan-, *av-aḷ, *aH-, *ā-, *a-tu, *av-ay, *av-ar, *av-aḷ",,"there; that; she; they; that day, then; that place; that place, manner; that place/time/much/many/manner; that time, then; there, then; men/persons; she/it; 3f sg; he, that man; 3neu sg",
d2,,,,
d3,,,,
d4,,,,
d5,,,,
d6,,,,
d7,"*akam, *aka-ppaṭu",,to be included; inside,
d8,,,,
d9,,,,
d10,,,,
d11,"*akaẓ-tt-ay, **arVkV-",,; moat,
d12,,,,
d13,,,,
d14,,,,
d15,,,,
d16,,,,
d17,*ampu,,arrow,
d18,,,,
d19,,,,
d20,,,,
d21,,,,
d22,,,,
d23,*akka-,,elder sister,
d24,,,,
d25,,,,
d26,,,,
d27,,,,
d28,,,,
d29,,,,
d30,,,,
d31,**ankVl-,,,
d32,,,,
d33,,,,
d34,,,,
d35,,,,
d36,,,,
d37,**acVr-,,,
d38,,,,
d39,,,,
d40,,,,
d41,,,,
d42,,,,
d43,**acVkV-,,,
d44,,,,
d45,,,,
d46,,,,
d47,,,,
d48,,,,
d49,,,,
d50,,,,
d51,,,,
d52,,,,
d53,,,,
d54,,,,
d55,"*añc-, *añc-al, *añc-c(-am)",,to fear; fear,
d56,,,,
d57,,,,
d58,,,,
d59,,,,
d60,,,,
d61,,,,
d62,,,,
d63,"*aṭ-a-nk-, *aṭ-a-nkk-, **aṭVkkV-",,"; to control, hide; to be compressed, hidden",
d64,*aṭ-a-ppay,,betel pouch,
d65,,,,
d66,,,,
d67,,,,
d68,,,,
d69,,,,
d70,,,,
d71,,,,
d72,"*aṭ-V, *aṭ-Vk, *aṭ-Vk",,"foot, bottom, base",
d73,*avv-a,,"mother, grandmother",
d74,,,,
d75,**aṭV,,,
d76,*aṭṭu,,pancake,
d77,,,,
d78,,,,
d79,,,,
d80,,,,
d81,,,,
d82,,,,
d83,**aṭV-,,,
d84,,,,
d85,,,,
d86,,,,
d87,,,,
d88,*aṭ-ay-kkāy,,areca nut,
d89,,,,
d90,,,,
d91,,,,
d92,,,,
d93,,,,
d94,,,,
d95,,,,
d96,*aṇ-ṭṭ-,,"to adhere, stick",
d97,,,,
d98,,,,
d99,,,,
d100,,,,
d101,,,,
d102,,,,
d103,,,,
d104,,,,
d105,,,,
d106,,,,
d107,,,,
d108,,,,
d109,,,,
d110,,,,
d111,,,,
d112,,,,
d113,,,,
d114,,,,
d115,,,,
d116,,,,
d117,,,,
d118,,,,
d119,*kapp-al,,ship,
d120,**anṭVcV-,,,
d121,,,,
d122,,,,
d123,,,,
d124,,,,
d125,,,,
d126,,,,
d127,,,,
d128,,,,
d129,,,,
d130,,,,
d131,*aṇṇa-,,elder brother,
d132,,,,
d133,,,,
d134,,,,
d135,,,,
d136,,,,
d137,,,,
d138,,,,
d139,,,,
d140,,,,
d141,,,,
d142,*atta-,,maternal/paternal aunt,
d143,,,,
d144,,,,
d145,*att-/ *att-i-,,,
d146,,,,
d147,,,,
d148,,,,
d149,,,,
d150,,,,
d151,,,,
d152,,,,
d153,,,,
d154,,,,
d155,*app-am,,rice cake,
d156,"*appa-, *appa-",,father,
d157,,,,
d158,,,,
d159,,,,
d160,,,,
d161,,,,
d162,,,,
d163,,,,
d164,,,,
d165,,,,
d166,,,,
d167,,,,
d168,,,,
d169,,,,
d170,,,,
d171,,,,
d172,,,,
d173,,,,
d174,"*amp-ali, **ampVṭi",,porridge; ,
d175,,,,
d176,,,,
d177,*amp-i,,boat,
d178,,,,
d179,,,,
d180,**ampVkār-,,,
d181,,,,
d182,,,,
d183,*amm-a,,mother,
d184,,,,
d185,,,,
d186,,,,
d187,**am,,,
d188,,,,
d189,,,,
d190,,,,
d191,,,,
d192,,,,
d193,,,,
d194,,,,
d195,,,,
d196,,,,
d197,,,,
d198,*ar-V-,,plough,
d199,,,,
d200,,,,
d201,,,,
d202,"*ar-ac, *ar-aḷ",,pipal tree,
d203,,,,
d204,,,,
d205,*ar-Vṇṭṭi,,"banana, plantain",
d206,,,,
d207,,,,
d208,,,,
d209,,,,
d210,,,,
d211,,,,
d212,*ar-,,"to cut, reap, harvest",
d213,,,,
d214,,,,
d215,,,,
d216,*ar-i,,a kind of tax,
d217,,,,
d218,,,,
d219,,,,
d220,,,,
d221,,,,
d222,**arVvV,,,
d223,,,,
d224,,,,
d225,,,,
d226,,,,
d227,,,,
d228,,,,
d229,,,,
d230,,,,
d231,,,,
d232,,,,
d233,,,,
d234,,,,
d235,,,,
d236,"*al-, *al-a-nk",,to be not; to shake,
d237,,,,
d238,,,,
d239,,,,
d240,**alVr-,,,
d241,,,,
d242,,,,
d243,,,,
d244,,,,
d245,,,,
d246,,,,
d247,,,,
d248,,,,
d249,,,,
d250,,,,
d251,,,,
d252,,,,
d253,,,,
d254,,,,
d255,"*al-ak-, **alVkkV",,; ?rice/paddy,
d256,,,,
d257,,,,
d258,,,,
d259,,,,
d260,,,,
d261,,,,
d262,,,,
d263,,,,
d264,,,,
d265,,,,
d266,,,,
d267,,,,
d268,,,,
d269,,,,
d270,,,,
d271,,,,
d272,,,,
d273,,,,
d274,,,,
d275,,,,
d276,**aẓVnkV-,,,
d277,"*aẓ-i-, *aẓ-i-ntt-, *aẓ-i-mpp-",,to perish,
d278,,,,
d279,,,,
d280,,,,
d281,,,,
d282,,,,
d283,,,,
d284,,,,
d285,,,,
d286,,,,
d287,,,,
d288,**anṭV-,,,
d289,,,,
d290,*ñaṇṭ-,,crab,
d291,,,,
d292,,,,
d293,,,,
d294,,,,
d295,,,,
d296,,,,
d297,*aḷ-V-kk-,,to sacrifice,
d298,,,,
d299,,,,
d300,*aḷ-amp-,,mushroom,
d301,,,,
d302,,,,
d303,,,,
d304,,,,
d305,,,,
d306,*nari-(kkV),,jackal,
d307,,,,
d308,**aḷVppV,,,
d309,,,,
d310,,,,
d311,,,,
d312,,,,
d313,,,,
d314,*aṯ-V-,,to know,
d315,*aru-,,to sever,
d316,,,,
d317,,,,
d318,,,,
d319,,,,
d320,"*aṯ- / *aṯ-t-, **aṯV-",,,
d321,,,,
d322,,,,
d323,,,,
d324,,,,
d325,,,,
d326,,,,
d327,,,,
d328,,,,
d329,"*anVp- / *anVp-i-, **anVvV-",,,
d330,,,,
d331,,,,
d332,,,,
d333,"*ā-, *ā-k-, *ā-kk-, *ān-, *an-, *ā-p-, *ā-pp-",,"to be; to be, become; to make; to become",
d334,"*ām-, *ān-, **ā",,; cow,
d335,,,,
d336,,,,
d337,,,,
d338,,,,
d339,,,,
d340,,,,
d341,**āccV-,,,
d342,,,,
d343,,,,
d344,,,,
d345,,,,
d346,,,,
d347,"*āṭ-u, *āṭṭ-u",,"; to play, dance",
d348,,,,
d349,,,,
d350,,,,
d351,,,,
d352,,,,
d353,,,,
d354,,,,
d355,,,,
d356,,,,
d357,,,,
d358,,,,
d359,*ānt-ay,,owl,
d360,,,,
d361,,,,
d362,,,,
d363,,,,
d364,"*āy, **āy, *āy",,; mother,
d365,,,,
d366,,,,
d367,,,,
d368,"*ār-āy, *ār-āy-cci",,research; to investigate,
d369,,,,
d370,,,,
d371,,,,
d372,,,,
d373,,,,
d374,,,,
d375,,,,
d376,,,,
d377,,,,
d378,,,,
d379,,,,
d380,*tāẓ,,palmyra tree,
d381,,,,
d382,*āl,,banyan tree,
d383,,,,
d384,,,,
d385,,,,
d386,,,,
d387,,,,
d388,,,,
d389,*tūmpu,,"sluice, drain",
d390,,,,
d391,,,,
d392,**āvVḷ-,,,
d393,,,,
d394,,,,
d395,,,,
d396,,,,
d397,,,,
d398,,,,
d399,"*āḷ, **āḷ",,; man/woman,
d400,,,,
d401,,,,
d402,,,,
d403,,,,
d404,"*āṯ-, **āṯV-",,"; to become cool, to dry up",
d405,,,,
d406,,,,
d407,,,,
d408,,,,
d409,,,,
d410,"*iH-, *ī, *i-tu, *iv-anṯu, *iv-ay, *iv-ar, *iv-aḷ",,this thing/woman; this man; this; this woman; these men/persons; these things/women,
d411,,,,
d412,,,,
d413,,,,
d414,,,,
d415,,,,
d416,,,,
d417,,,,
d418,,,,
d419,,,,
d420,,,,
d421,,,,
d422,,,,
d423,,,,
d424,,,,
d425,,,,
d426,,,,
d427,,,,
d428,,,,
d429,"*cinki, *cinki-vēr",,ginger,
d430,,,,
d431,,,,
d432,,,,
d433,,,,
d434,,,,
d435,,,,
d436,,,,
d437,,,,
d438,,,,
d439,,,,
d440,,,,
d441,,,,
d442,*iṭ-u-,,"to put, place",
d443,**iṭi-,,,
d444,,,,
d445,,,,
d446,,,,
d447,,,,
d448,,,,
d449,*iṭai,,,
d450,,,,
d451,,,,
d452,,,,
d453,,,,
d454,,,,
d455,,,,
d456,,,,
d457,,,,
d458,*kā-nk-,,big clay pot,
d459,,,,
d460,,,,
d461,,,,
d462,,,,
d463,,,,
d464,,,,
d465,,,,
d466,,,,
d467,,,,
d468,,,,
d469,,,,
d470,,,,
d471,,,,
d472,,,,
d473,,,,
d474,"*īr, *ir-V, *ir-aṇ-ṭu, *iru-var, **irVvV",,; two; two persons,
d475,*irak-,,jujube,
d476,,,,
d477,,,,
d478,,,,
d479,,,,
d480,"*ir-, *ir-u-vu",,to be; a place to be,
d481,,,,
d482,,,,
d483,,,,
d484,,,,
d485,*ir-u-ppay,,mahua tree,
d486,,,,
d487,,,,
d488,,,,
d489,,,,
d490,,,,
d491,,,,
d492,,,,
d493,**cīr,,,
d494,"*il, *iẓi-, *iẓi-nt-, *iẓi-ntt-, *iẓi-(m)p-, *iẓi-(m)pp-",,; house; to descend,
d495,,,,
d496,,,,
d497,*el-ay,,leaf,
d498,,,,
d499,,,,
d500,*ivuḷi,,horse,
d501,,,,
d502,,,,
d503,,,,
d504,**īẓVccV-,,,
d505,,,,
d506,"*ēẓ-, *eẓ-V-",,to spin,
d507,,,,
d508,,,,
d509,,,,
d510,,,,
d511,,,,
d512,,,,
d513,"*eḷ-V-, *lenk-, *iḷa(ṅ)(k)-",,"; young, tender",
d514,,,,
d515,,,,
d516,,,,
d517,,,,
d518,,,,
d519,,,,
d520,**iṯV-,,,
d521,**iṯVkV-,,,
d522,,,,
d523,,,,
d524,,,,
d525,,,,
d526,,,,
d527,*eṯ-ay-anṯu,,"chief, king",
d528,,,,
d529,*iṯ-ay-cci,,meat,
d530,"*in-, **inpV",,; sweet,
d531,,,,
d532,,,,
d533,"*ī, *et-V-y",,fly; prawn,
d534,,,,
d535,**īkVr-,,,
d536,,,,
d537,**incV-,,,
d538,,,,
d539,,,,
d540,,,,
d541,**cīma,,,
d542,,,,
d543,,,,
d544,,,,
d545,,,,
d546,"*ir-Vl, *ir-Vv",,liver,
d547,,,,
d548,,,,
d549,"*īẓam, *īẓa-vanṯ-",,toddy; toddy-tapper,
d550,,,,
d551,,,,
d552,,,,
d553,,,,
d554,,,,
d555,,,,
d556,,,,
d557,"*uH, *ū",,yonder,
d558,,,,
d559,,,,
d560,,,,
d561,"*ukir, *gōr, *kōr, *or-kk-, *ok-Vr, *kō-r",,"finger nail, toe-nail; finger/toe nail",
d562,,,,
d563,,,,
d564,,,,
d565,,,,
d566,,,,
d567,,,,
d568,,,,
d569,,,,
d570,**uṯVkV,,,
d571,,,,
d572,*ula-kk-V,,pestle,
d573,,,,
d574,,,,
d575,,,,
d576,,,,
d577,,,,
d578,,,,
d579,,,,
d580,,,,
d581,,,,
d582,,,,
d583,,,,
d583A,,,,
d584,,,,
d585,*oṭ-al,,body,
d586,,,,
d587,,,,
d588,**uṭV-,,,
d589,,,,
d590,,,,
d591,,,,
d592,*uṭ-ump-,,iguana,
d593,,,,
d594,,,,
d595,,,,
d596,,,,
d597,,,,
d598,,,,
d599,,,,
d600,"*uṇ-, *uHṇ-, *ūṇ-, *ūṭṭ-, *uṇ / *uṇ-t-",,"to drink; ; to eat, drink; to give to eat or drink",
d601,,,,
d602,,,,
d603,,,,
d604,,,,
d605,,,,
d606,,,,
d607,,,,
d608,,,,
d609,,,,
d610,,,,
d611,,,,
d612,,,,
d613,,,,
d614,,,,
d615,,,,
d616,,,,
d617,,,,
d618,,,,
d619,,,,
d620,,,,
d621,,,,
d622,,,,
d623,,,,
d624,,,,
d625,,,,
d626,,,,
d627,,,,
d628,,,,
d629,,,,
d630,,,,
d631,,,,
d632,,,,
d633,,,,
d634,,,,
d635,,,,
d636,,,,
d637,*uṅk,,"husk, chaff",
d638,,,,
d639,,,,
d640,,,,
d641,,,,
d642,,,,
d643,,,,
d644,,,,
d645,"*uc-V-, *uc-Vr",,; to breathe,
d646,,,,
d647,,,,
d648,,,,
d649,,,,
d650,,,,
d651,*uram-kkal,,"grinding stone, pestle",
d652,,,,
d653,,,,
d654,,,,
d655,,,,
d656,,,,
d657,,,,
d658,,,,
d659,,,,
d660,,,,
d661,,,,
d662,,,,
d663,,,,
d664,,,,
d665,*ur-ay,,to rub,
d666,,,,
d667,,,,
d668,,,,
d669,,,,
d670,,,,
d671,,,,
d672,,,,
d673,,,,
d674,,,,
d675,,,,
d676,,,,
d677,,,,
d678,,,,
d679,,,,
d680,,,,
d681,,,,
d682,,,,
d683,,,,
d684,,,,
d685,,,,
d686,,,,
d687,,,,
d688,"*uẓ-V-, *uẓ-a-tti, *uẓ- / *uẓV-t-",,; farming; to plough,
d689,,,,
d690,*uẓ-untu,,black gram,
d691,,,,
d692,*uẓ-uv-,,tiger,
d693,,,,
d694,*uẓ-u-pp-,,stag,
d695,,,,
d696,,,,
d697,"*uḷ-, *uṇṭ-u, *oḷ-an",,"house; to be, to have; is, are",
d698,*uḷḷ-am,,"mind, inside one",
d699,,,,
d700,,,,
d701,,,,
d702,,,,
d703,,,,
d704,,,,
d705,*uḷḷi,,onion,
d706,,,,
d707,*oṯ-a-nku,,to sleep,
d708,,,,
d709,,,,
d710,,,,
d711,,,,
d712,,,,
d713,,,,
d714,,,,
d715,,,,
d716,,,,
d717,,,,
d718,,,,
d719,,,,
d720,,,,
d721,,,,
d722,,,,
d723,,,,
d724,,,,
d725,,,,
d726,,,,
d727,,,,
d728,"*ū, *uy",,meat,
d729,,,,
d730,,,,
d731,,,,
d732,,,,
d733,,,,
d734,,,,
d735,,,,
d736,,,,
d737,,,,
d738,,,,
d739,,,,
d740,,,,
d741,,,,
d742,,,,
d743,,,,
d744,,,,
d745,,,,
d746,,,,
d747,,,,
d748,,,,
d749,,,,
d750,,,,
d751,,,,
d752,*ūr,,"habitation, village, town",
d753,,,,
d754,,,,
d755,,,,
d756,,,,
d757,,,,
d758,,,,
d759,,,,
d760,,,,
d761,,,,
d762,,,,
d763,,,,
d764,,,,
d765,"*ēk-, *eHk-",,to gin cotton,
d766,,,,
d767,,,,
d768,,,,
d769,,,,
d770,,,,
d771,,,,
d772,,,,
d773,,,,
d774,,,,
d775,,,,
d776,,,,
d777,,,,
d778,,,,
d779,,,,
d780,"*enk-, *enk-al",,"left over food; to remain, be left over",
d781,,,,
d782,,,,
d783,"*eṇ, *eṇ-ṭṭu",,eight,
d784,,,,
d785,,,,
d786,**iṭV-,,,
d787,,,,
d788,,,,
d789,,,,
d790,,,,
d791,,,,
d792,,,,
d793,*eṇ,,to count,
d794,,,,
d795,,,,
d796,,,,
d797,,,,
d798,,,,
d799,,,,
d800,,,,
d801,,,,
d802,,,,
d803,,,,
d804,,,,
d805,**iyVncV-,,,
d806,,,,
d807,,,,
d808,,,,
d809,,,,
d810,,,,
d811,,,,
d812,,,,
d813,,,,
d814,,,,
d815,*er-utu,,ox,
d816,*er-umV-,,buffalo,
d817,,,,
d818,,,,
d819,,,,
d820,,,,
d821,,,,
d822,,,,
d823,,,,
d824,*eru-kk-,,to cut jungle/bushes to clean land,
d825,,,,
d826,,,,
d827,,,,
d828,,,,
d829,"*el, *en-ṯu",,"sun, sunshine",
d830,,,,
d831,,,,
d832,,,,
d833,*el-i,,rat,
d834,,,,
d835,,,,
d836,,,,
d837,,,,
d838,,,,
d839,"*el-V-mp, *el-V-nk",,bone,
d840,,,,
d841,,,,
d842,,,,
d843,,,,
d844,*ell-V,,all,
d845,*elli,,tomorrow,
d846,,,,
d847,,,,
d848,,,,
d849,,,,
d850,,,,
d851,*eẓ-c-,,,
d852,,,,
d853,,,,
d854,,,,
d854A,,,,
d855,,,,
d856,,,,
d857,*eḷ-V-ñc-,,black bear,
d858,,,,
d859,,,,
d860,,,,
d861,,,,
d862,,,,
d863,,,,
d864,"*kunṯ-am, *kunṯ-u",,hill,
d865,*eṯ-V-,,red,
d866,,,,
d867,,,,
d868,*aHn-,,to say; quotative marker,
d869,*en-ṯ-,,sun,
d870,,,,
d871,*ēkk- / *ēkk-i-,,,
d872,,,,
d873,,,,
d874,,,,
d875,,,,
d876,,,,
d877,,,,
d878,,,,
d879,,,,
d880,,,,
d881,,,,
d882,,,,
d883,,,,
d884,,,,
d885,,,,
d886,,,,
d887,,,,
d888,,,,
d889,,,,
d890,,,,
d891,,,,
d892,,,,
d893,,,,
d894,,,,
d895,,,,
d896,,,,
d897,,,,
d898,,,,
d899,,,,
d900,,,,
d901,,,,
d902,,,,
d903,,,,
d904,,,,
d905,,,,
d906,,,,
d907,*ēl-V-,,cardamom,
d908,,,,
d909,,,,
d910,"*eẓ-V, *ēẓ",,seven,
d911,,,,
d912,*ēl,,"mind, reason, knowledge",
d913,,,,
d914,,,,
d915,,,,
d916,*ñāl-,,dog,
d917,*ēṯu,,"ox, bull",
d918,,,,
d919,,,,
d920,,,,
d921,,,,
d922,,,,
d923,,,,
d924,"*o-, *o-kk-, *o-pp-, *o-mp-, *o-vv-, *okku, *okk-al",,; relatives; to be together; to be suitable,
d925,,,,
d926,,,,
d927,,,,
d928,,,,
d929,,,,
d930,,,,
d931,*kem,,red,
d932,,,,
d933,,,,
d934,,,,
d935,,,,
d936,,,,
d937,,,,
d938,,,,
d939,,,,
d940,,,,
d941,,,,
d942,,,,
d943,,,,
d944,,,,
d945,,,,
d946,*oṭ-ay,,to break,
d947,,,,
d948,,,,
d949,,,,
d950,,,,
d951,,,,
d952,,,,
d953,,,,
d954,"*oṭ-unku, *oṭVkk- / *oṭVkk-i-",,; to be restrained,
d955,,,,
d956,,,,
d957,,,,
d958,,,,
d959,,,,
d960,,,,
d961,,,,
d962,,,,
d963,,,,
d964,,,,
d965,,,,
d966,,,,
d967,,,,
d968,,,,
d969,,,,
d970,,,,
d971,,,,
d972,,,,
d973,,,,
d974,,,,
d975,,,,
d976,"**oyVttVr-, **oyVntVr-",,,
d977,,,,
d978,,,,
d979,,,,
d980,,,,
d981,,,,
d982,,,,
d983,,,,
d984,"*oy-, **oy-",,; to carry,
d985,,,,
d986,,,,
d987,,,,
d988,,,,
d989,,,,
d990,"*okk-, *on-ṯu, *ōr-, *or-V-, **orVttV, **orVttVkV, **orVmV, **onṯV",,; one,
d991,,,,
d992,,,,
d993,,,,
d994,,,,
d995,,,,
d996,**olVkV-,,,
d997,,,,
d998,,,,
d999,,,,
d1000,,,,
d1001,**ol-,,,
d1002,,,,
d1003,,,,
d1004,,,,
d1005,,,,
d1006,,,,
d1007,,,,
d1008,,,,
d1009,,,,
d1010,,,,
d1011,,,,
d1012,"*oẓ-ukk-, **oẓVcV-",,; to spin,
d1013,,,,
d1014,,,,
d1015,**oḷi,,,
d1016,,,,
d1017,,,,
d1018,,,,
d1019,,,,
d1020,,,,
d1021,,,,
d1022,,,,
d1023,,,,
d1024,,,,
d1025,*on-patV,,ten minus one,
d1026,,,,
d1027,,,,
d1028,,,,
d1029,*ōṅkk-,,,
d1030,,,,
d1031,,,,
d1032,,,,
d1033,,,,
d1034,,,,
d1035,,,,
d1036,,,,
d1037,,,,
d1038,,,,
d1039,,,,
d1040,,,,
d1041,"*ōṭu, *ōṭṭam",,defeat; to flee,
d1042,,,,
d1043,,,,
d1044,,,,
d1045,,,,
d1046,,,,
d1047,,,,
d1048,,,,
d1049,,,,
d1050,,,,
d1051,,,,
d1052,*ōtu,,"to recite, read",
d1053,*ōntti,,bloodsucker lizard,
d1054,,,,
d1055,,,,
d1056,,,,
d1057,,,,
d1058,,,,
d1059,,,,
d1060,,,,
d1061,,,,
d1062,,,,
d1063,**ōr-,,,
d1064,,,,
d1065,,,,
d1066,,,,
d1067,,,,
d1068,,,,
d1069,,,,
d1070,,,,
d1071,,,,
d1072,,,,
d1073,,,,
d1074,,,,
d1075,,,,
d1076,,,,
d1077,,,,
d1078,,,,
d1079,,,,
d1080,,,,
d1081,,,,
d1082,,,,
d1083,,,,
d1084,,,,
d1085,,,,
d1086,,,,
d1087,**kaccV-,,,
d1088,**kacV,,,
d1089,,,,
d1090,,,,
d1091,,,,
d1092,,,,
d1093,,,,
d1094,,,,
d1095,,,,
d1096,,,,
d1097,**kaṯV-,,,
d1098,,,,
d1099,,,,
d1100,,,,
d1101,,,,
d1102,,,,
d1103,,,,
d1104,*kañci,,gruel,
d1105,,,,
d1106,,,,
d1107,,,,
d1108,,,,
d1109,"*kaṭ-ay, *kaṭṭ-/ *kaṭṭ-i-, **kaṭṭV-, *kaṭ-ai",,"; end, place",
d1110,,,,
d1111,,,,
d1112,,,,
d1113,,,,
d1114,"*kaṭ-V-ñcc, *kaṭ-V-ntt, **kaṭVcV",,stag; ,
d1115,,,,
d1116,*kaṭ-ampu,,<i>Anthocephalus cadamba</i>,
d1117,,,,
d1118,*kaṭ-al,,"sea, ocean",
d1120,,,,
d1121,,,,
d1122,,,,
d1123,"*kaṭ-ac-, *kaṭ-V-",,"wild buffalo; male of cattle, heifer",
d1124,**kaṭṭ-,,,
d1125,**kaṭṭV,,,
d1126,,,,
d1127,,,,
d1128,,,,
d1129,,,,
d1130,,,,
d1131,,,,
d1132,,,,
d1133,,,,
d1134,*kam-kuẓi,,armpit,
d1135,"*kaṭ-V-, **kaṭVkV",,"; be bitter, pungent",
d1136,,,,
d1137,,,,
d1138,,,,
d1139,,,,
d1140,,,,
d1141,,,,
d1142,,,,
d1143,,,,
d1144,,,,
d1145,,,,
d1146,,,,
d1147,"*kaṭ-, *kaṭṭ-, *kaṭṭ-ay",,"a dam; to tie, bind",
d1148,,,,
d1149,,,,
d1150,,,,
d1151,,,,
d1152,,,,
d1153,,,,
d1154,,,,
d1155,,,,
d1156,,,,
d1157,,,,
d1158,,,,
d1159,"*kaṇ, *kaṇ-ṇīr, **kaṇ, **kaṇ",,; eye; tear,
d1160,,,,
d1161,,,,
d1162,,,,
d1163,,,,
d1164,,,,
d1165,**kaṇVkkV,,,
d1166,,,,
d1167,,,,
d1168,,,,
d1169,,,,
d1170,,,,
d1171,,,,
d1172,,,,
d1173,*kaṇṭ-anṯu,,"husband, warrior",
d1174,,,,
d1175,,,,
d1176,,,,
d1177,,,,
d1178,,,,
d1179,,,,
d1180,,,,
d1181,,,,
d1182,,,,
d1183,,,,
d1184,,,,
d1185,,,,
d1186,,,,
d1187,,,,
d1188,,,,
d1189,,,,
d1190,,,,
d1191,,,,
d1192,,,,
d1193,,,,
d1194,,,,
d1195,,,,
d1196,,,,
d1197,,,,
d1198,,,,
d1199,,,,
d1200,,,,
d1201,,,,
d1202,,,,
d1203,,,,
d1204,*katti,,knife,
d1205,,,,
d1206,,,,
d1207,,,,
d1208,,,,
d1209,,,,
d1210,,,,
d1211,,,,
d1212,,,,
d1213,*kar-Vnti,,red gram,
d1214,,,,
d1215,,,,
d1216,,,,
d1217,,,,
d1218,*kapp-am,,"a kind of tax, tribute",
d1219,,,,
d1220,,,,
d1221,"*kap-, *kapp-, *kav-V",,to cover,
d1222,"*qapp- / *qapp-i-, **kappV-",,,
d1223,,,,
d1224,*kapp-a,,frog,
d1225,,,,
d1226,,,,
d1227,,,,
d1228,*kam(p)a-,,uncultivated ground,
d1229,,,,
d1230,,,,
d1231,,,,
d1232,,,,
d1233,,,,
d1234,,,,
d1235,,,,
d1236,,,,
d1237,,,,
d1238,,,,
d1239,,,,
d1240,,,,
d1241,,,,
d1242,,,,
d1243,,,,
d1244,,,,
d1245,,,,
d1246,,,,
d1247,**kamakama,,,
d1248,,,,
d1249,*kac,,to be bitter,
d1250,,,,
d1251,,,,
d1252,"*kay-V-l, *kay-V-kk-, *kay-V-mpp-",,fish of different kinds,
d1253,,,,
d1254,,,,
d1255,,,,
d1256,,,,
d1257,,,,
d1258,,,,
d1259,**karakara,,,
d1260,,,,
d1261,,,,
d1262,,,,
d1263,,,,
d1264,,,,
d1265,**karVccV-,,,
d1266,,,,
d1267,,,,
d1268,,,,
d1269,,,,
d1270,,,,
d1271,,,,
d1272,,,,
d1273,,,,
d1273A,,,,
d1274,*kar-Vḷ,,bowels,
d1275,,,,
d1276,,,,
d1277,,,,
d1278,"*kā-r, *kar-V-, *kār, *kar-V, *karu-",,"; dark, black, dark clouds; to be scorched",
d1279,,,,
d1280,,,,
d1281,,,,
d1282,,,,
d1283,"*kar-V-nt-, *kar-V-ntt",,"to consider; will, mind",
d1284,,,,
d1285,*kar-V-,,"waste land, forest/jungle; barren soil, etc.",
d1286,,,,
d1287,,,,
d1288,*kar-umpu,,sugar-cane,
d1289,,,,
d1290,,,,
d1291,**karVkV-,,,
d1292,,,,
d1293,,,,
d1294,,,,
d1295,,,,
d1296,,,,
d1297,"*kal-, *kaṯ-",,to learn,
d1298,*kal,,stone,
d1299,**kal-,,,
d1300,,,,
d1301,,,,
d1302,*kala-kala,,"onom. of 'rustle, tinkle, rattle'",
d1303,"*kal-a-nku, *kal-a-nkku, *kal-ac-, *qalVq- / *qalVq-i-, **kalVkV-",,; to be stirred; to quarrel; to stir,
d1304,,,,
d1305,*kal-am,,"boat, ship",
d1306,,,,
d1307,,,,
d1308,,,,
d1309,*kal-Vnk-,,"covered drain, sluice",
d1310,,,,
d1311,,,,
d1312,,,,
d1313,,,,
d1314,,,,
d1315,,,,
d1316,,,,
d1317,,,,
d1318,,,,
d1319,,,,
d1320,**kappV,,,
d1321,,,,
d1322,,,,
d1323,,,,
d1324,,,,
d1325,,,,
d1326,,,,
d1327,,,,
d1328,,,,
d1329,,,,
d1330,,,,
d1331,,,,
d1332,,,,
d1333,**kamVkkV-,,,
d1334,,,,
d1335,,,,
d1336,,,,
d1337,,,,
d1338,*kav-Vḷi,,a house lizard,
d1339,,,,
d1340,,,,
d1341,,,,
d1342,,,,
d1343,,,,
d1344,,,,
d1345,,,,
d1346,,,,
d1347,*kiẓ-ank-,,tuber,
d1348,,,,
d1349,,,,
d1350,,,,
d1351,,,,
d1352,,,,
d1353,**karV,,,
d1354,,,,
d1355,*kaẓ-Vt,,paddy field,
d1356,"*kaẓi (-nt-), *kaẓi (-nt-t-)",,"to spend, waste, reject; time to pass, be spent",
d1357,*kap-Vḷ,,cheek,
d1358,,,,
d1359,,,,
d1360,,,,
d1361,,,,
d1362,"*kaẓ-V-ku, *kaẓ-V-tu",,eagle,
d1363,,,,
d1364,*kaẓ-ut-ay,,donkey,
d1365,,,,
d1366,"*kaẓ-u-tt-, *kaẓ-nt(t)-",,neck/throat,
d1367,,,,
d1368,,,,
d1369,**kaẓVcV-,,,
d1370,,,,
d1371,,,,
d1372,"*kaḷ-, *kaṇ-, *qaḷ- / *qaḷ-t-, **kaḷ-, **kaḷVvV",,; to steal,
d1373,"*kaḷ-, **kaḷVy-",,"to pluck, uproot, gather; ",
d1374,*kaḷ,,toddy,
d1375,,,,
d1376,"*kaḷ-am, *kaḷ-an, **kaḷV",,"; an open place (threshing floor, battle ground)",
d1377,,,,
d1378,,,,
d1379,,,,
d1380,,,,
d1381,,,,
d1382,,,,
d1383,,,,
d1384,,,,
d1385,,,,
d1386,,,,
d1387,,,,
d1388,,,,
d1389,,,,
d1390,**kaṯV-,,,
d1391,,,,
d1392,,,,
d1393,,,,
d1394,,,,
d1395,,,,
d1396,,,,
d1397,,,,
d1398,,,,
d1399,,,,
d1400,,,,
d1401,,,,
d1402,,,,
d1403,,,,
d1404,,,,
d1405,,,,
d1406,,,,
d1407,"*kan-acV, **kanVr-",,"; dream, to dream",
d1408,,,,
d1409,,,,
d1410,,,,
d1411,**kaṯVtV,,,
d1412,,,,
d1413,,,,
d1414,,,,
d1415,,,,
d1416,"*kā(-tt-), **kāppV",,"; to protect, guard",
d1417,*kā-vaṭi,,shoulder pole,
d1418,"*kā(-n), *kā, *kā-n-",,forest,
d1419,,,,
d1420,,,,
d1421,,,,
d1422,,,,
d1423,,,,
d1424,,,,
d1425,"*kā-kk-ay, **kākkV",,; crow,
d1426,,,,
d1427,,,,
d1428,,,,
d1429,,,,
d1430,,,,
d1431,,,,
d1432,,,,
d1433,,,,
d1434,,,,
d1435,,,,
d1436,,,,
d1437,,,,
d1438,"*kā-ṭu, *kā-ṭV",,forest,
d1439,,,,
d1440,,,,
d1441,,,,
d1442,,,,
d1443,"*kaHṇ-, *kāṇ-ikk-ay, **kaṇ-",,; to see; gift,
d1444,,,,
d1445,,,,
d1446,,,,
d1447,,,,
d1448,,,,
d1449,,,,
d1450,,,,
d1451,,,,
d1452,,,,
d1453,,,,
d1454,,,,
d1455,,,,
d1456,,,,
d1457,,,,
d1458,"*kāy, *kā-nku, *kā-nkku, *kā-ntu, *kā-nttu, *kā-mpu, *kā-mppu, *qāy- / *qay-i-, **kāy-",,"; to be hot, dry up, burn",
d1459,"*kāy, *ten-kāy, **kayVncV-, **keyVnV, **attV-",,"coconut (southern fruit); ; fruit, pod",
d1460,,,,
d1461,,,,
d1462,,,,
d1463,,,,
d1464,,,,
d1465,,,,
d1466,,,,
d1467,,,,
d1468,,,,
d1469,,,,
d1470,,,,
d1471,,,,
d1472,,,,
d1473,,,,
d1474,**kār-,,,
d1475,,,,
d1476,,,,
d1477,,,,
d1478,,,,
d1479,"*kāl, *moẓ-am kāl",,leg; knee/elbow joint,
d1480,*kāl,,canal,
d1481,,,,
d1482,,,,
d1483,,,,
d1484,,,,
d1485,,,,
d1486,,,,
d1487,,,,
d1488,,,,
d1489,,,,
d1490,,,,
d1491,,,,
d1492,,,,
d1493,,,,
d1494,*kāẓ-,,,
d1495,*kāl,,fish-hook,
d1496,,,,
d1497,,,,
d1498,,,,
d1499,,,,
d1500,*kā-ḷ-,,"to burn, flame",
d1501,,,,
d1502,,,,
d1503,**kaṯV-,,,
d1504,,,,
d1505,*kāṯ-,,plough-share,
d1506,,,,
d1507,*kar-Vnk,,<i>Pongamia glabra</i>,
d1508,,,,
d1509,,,,
d1510,,,,
d1511,,,,
d1512,,,,
d1513,**kiccV-,,,
d1514,**ciccV,,,
d1515,*kic-Vkic-V,,"onom 'chirping, squeaking'",
d1516,,,,
d1517,,,,
d1518,,,,
d1519,,,,
d1520,,,,
d1521,,,,
d1522,,,,
d1523,,,,
d1524,,,,
d1525,,,,
d1526,,,,
d1527,,,,
d1528,,,,
d1529,,,,
d1530,,,,
d1531,,,,
d1532,,,,
d1533,,,,
d1534,,,,
d1535,,,,
d1536,,,,
d1537,,,,
d1538,,,,
d1539,,,,
d1540,*kiṇṭ-V-,,metal pot,
d1541,,,,
d1542,,,,
d1543,,,,
d1544,,,,
d1545,,,,
d1546,**kitVkV-,,,
d1547,,,,
d1548,,,,
d1549,,,,
d1550,,,,
d1551,,,,
d1552,,,,
d1553,,,,
d1554,,,,
d1555,,,,
d1556,,,,
d1557,,,,
d1558,,,,
d1559,,,,
d1560,,,,
d1561,,,,
d1562,,,,
d1563,,,,
d1564,**kerVccV-,,,
d1565,,,,
d1566,,,,
d1567,,,,
d1568,**kīr-,,,
d1569,,,,
d1570,*kil-,,to be able,
d1571,"*kil-, *kiṯ-, *kil-, *kiṯ-, *kil-a",,some; small,
d1572,,,,
d1573,,,,
d1574,*kil-,,"sound, noise",
d1575,,,,
d1576,,,,
d1577,"*kil-, *kiṯ-",,small,
d1578,,,,
d1579,,,,
d1580,,,,
d1581,,,,
d1582,,,,
d1583,,,,
d1584,*kiḷi,,parrot,
d1585,,,,
d1586,,,,
d1587,,,,
d1588,*keḷ-ay,,to dig up,
d1589,,,,
d1590,,,,
d1591,,,,
d1592,,,,
d1593,,,,
d1594,"*kiṯṯ-eli, *kīṯ-, *kiṯ-V",,small; mouse,
d1595,,,,
d1596,,,,
d1597,,,,
d1598,,,,
d1599,"*kit-u-tt-, *kit-u-mp-",,"cheetah, panther",
d1600,*kin-,,to be angry,
d1601,,,,
d1602,,,,
d1603,,,,
d1604,,,,
d1605,,,,
d1606,"*kitt- / *kitt-i-, **kivVttV-",,,
d1607,,,,
d1608,,,,
d1609,,,,
d1610,,,,
d1611,,,,
d1612,**kīc-uḷi,,,
d1613,,,,
d1614,,,,
d1615,,,,
d1616,,,,
d1617,,,,
d1618,"*kīv, *kiv-V-",,"snow, ice",
d1619,"*kīẓ, *kiẓ-V-kk, **kiẓV",,"; below; (SD I) low area, east",
d1620,,,,
d1621,,,,
d1622,,,,
d1623,*kī-ṯ,,scratch,
d1624,,,,
d1625,,,,
d1626,,,,
d1627,,,,
d1628,,,,
d1629,,,,
d1630,,,,
d1631,,,,
d1632,,,,
d1633,,,,
d1634,,,,
d1634A,,,,
d1635,,,,
d1636,,,,
d1637,,,,
d1638,,,,
d1639,,,,
d1640,,,,
d1641,,,,
d1642,,,,
d1643,,,,
d1644,,,,
d1645,,,,
d1646,**kuncV,,,
d1647,,,,
d1648,,,,
d1649,"*koṭ-Vkku, **kuṭVkV",,; west,
d1650,,,,
d1651,*kuṭak(k)a-,,,
d1652,*kuṭ-al,,intestines,
d1653,**kuṭV-,,,
d1654,,,,
d1655,,,,
d1656,,,,
d1657,,,,
d1658,,,,
d1659,*caṭVcaṭV,,cracking sound,
d1660,,,,
d1661,,,,
d1662,,,,
d1663,*koṭ-ay,,umbrella,
d1664,*koṭ-,,"bison, nilgai",
d1665,,,,
d1666,,,,
d1667,,,,
d1668,,,,
d1669,,,,
d1670,*kiṭṭ-,,,
d1671,,,,
d1672,,,,
d1673,,,,
d1674,,,,
d1675,,,,
d1676,,,,
d1677,,,,
d1678,**kuṭV,,,
d1679,,,,
d1680,"*kuṭ-V, *kuṇṭ-V",,eyeball,
d1681,,,,
d1682,,,,
d1683,,,,
d1684,,,,
d1685,,,,
d1686,,,,
d1687,,,,
d1688,,,,
d1689,,,,
d1690,,,,
d1691,,,,
d1692,,,,
d1693,*kuṇṭV,,"heart, kidney",
d1693A,,,,
d1694,,,,
d1695,,,,
d1696,,,,
d1697,,,,
d1698,,,,
d1699,,,,
d1700,*kut-Vr-,,low ground,
d1701,,,,
d1702,,,,
d1703,,,,
d1704,,,,
d1705,,,,
d1706,,,,
d1707,,,,
d1708,,,,
d1709,,,,
d1710,,,,
d1711,"*kut-i, *kut-ir-ay",,to jump; horse,
d1712,,,,
d1713,,,,
d1714,,,,
d1715,,,,
d1716,,,,
d1717,,,,
d1718,"*ku-nt-, *ku-ntt-, *ko-nt-, *ko-ntt-",,"throat, voice, toan",
d1719,,,,
d1720,,,,
d1721,,,,
d1722,"*kun-tāl, *kun-tāḷ, *kunt-āḷ-",,spade; pick-axe,
d1723,,,,
d1724,,,,
d1725,,,,
d1726,,,,
d1727,,,,
d1728,,,,
d1729,**kuntV-,,,
d1730,,,,
d1731,"*kupp-V, **koppV-",,; heap,
d1732,,,,
d1733,**koppV,,,
d1734,,,,
d1735,,,,
d1736,,,,
d1737,,,,
d1738,,,,
d1739,,,,
d1740,,,,
d1741,,,,
d1742,,,,
d1743,,,,
d1744,,,,
d1745,,,,
d1746,,,,
d1747,,,,
d1748,,,,
d1749,,,,
d1750,,,,
d1751,,,,
d1752,,,,
d1753,,,,
d1754,,,,
d1755,,,,
d1756,,,,
d1757,,,,
d1758,,,,
d1759,,,,
d1760,"*kucc-, *kuc-V-",,greens,
d1761,,,,
d1762,*koc-V-,,pot-making,
d1763,,,,
d1764,,,,
d1765,,,,
d1766,,,,
d1767,,,,
d1768,,,,
d1769,"*kor-V-nkk-, *kor-V-ntt-",,monkey,
d1770,,,,
d1771,,,,
d1772,,,,
d1773,,,,
d1774,,,,
d1775,,,,
d1776,,,,
d1777,,,,
d1778,,,,
d1779,,,,
d1780,**korVppV,,,
d1781,,,,
d1782,,,,
d1783,,,,
d1784,,,,
d1785,*kur-V-c-,,deer,
d1786,,,,
d1787,*kur-uṭu,,blindness,
d1788,,,,
d1789,,,,
d1790,,,,
d1791,**kurV,,,
d1792,,,,
d1793,*kur-V-vi,,sparrow,
d1794,**kūr-,,,
d1795,,,,
d1796,,,,
d1797,*kur-Vvi,,small pot,
d1798,,,,
d1799,,,,
d1800,,,,
d1801,,,,
d1802,,,,
d1803,,,,
d1804,,,,
d1805,,,,
d1806,,,,
d1807,,,,
d1808,,,,
d1809,,,,
d1810,,,,
d1811,,,,
d1812,,,,
d1813,,,,
d1814,,,,
d1815,,,,
d1816,,,,
d1817,,,,
d1818,*kuẓ-V,,"pit, hollow",
d1819,,,,
d1820,,,,
d1821,,,,
d1822,**koẓVcV-,,,
d1823,,,,
d1824,,,,
d1825,,,,
d1826,,,,
d1827,,,,
d1828,"*kuḷ-am, *kuḷ-Vnc-",,lake,
d1829,,,,
d1830,,,,
d1831,,,,
d1832,,,,
d1833,,,,
d1834,,,,
d1835,,,,
d1836,,,,
d1837,,,,
d1838,,,,
d1839,,,,
d1840,"*kuṯ-V-nk-, *kuṯ-V-v, **koṯVkV",,; thigh,
d1841,,,,
d1842,,,,
d1843,,,,
d1844,,,,
d1845,,,,
d1846,,,,
d1847,,,,
d1848,,,,
d1849,*koṯ-aṇṭ-/-añc-,,"henna, <i>Barleria</i> sp.",
d1850,"*kut-V-, *kuṯ- / *kuṯ-i-, **kuṯV-",,; club,
d1851,"*kuṯ-ay-, *kuṯ-V, *koṯ-a",,short; to become short; to be reduced in size,
d1852,,,,
d1853,,,,
d1854,,,,
d1855,,,,
d1856,,,,
d1857,,,,
d1858,,,,
d1859,,,,
d1860,,,,
d1861,,,,
d1862,,,,
d1863,,,,
d1864,,,,
d1865,*kunṯ-i,,"crab's eye, a plant",
d1866,,,,
d1867,,,,
d1868,,,,
d1869,,,,
d1870,,,,
d1871,,,,
d1872,,,,
d1873,"*kūn-ttu, *kūn-ccu, *kūn-kku",,daughter,
d1874,,,,
d1875,,,,
d1876,,,,
d1877,,,,
d1878,,,,
d1879,,,,
d1880,,,,
d1881,,,,
d1882,"*kūṭ-u, *kūṭṭ-, *kūṭṭ-am, *kūṭ-al, *kūṭṭ-al, **kōnṭV-",,"; union; uniting; to unite, put together; joining; to be joined, meet",
d1883,*kūṭ-u,,nest,
d1884,,,,
d1885,,,,
d1886,,,,
d1887,,,,
d1888,,,,
d1889,,,,
d1890,,,,
d1891,,,,
d1892,,,,
d1893,*kūnt(t)-,,mushroom,
d1894,,,,
d1895,,,,
d1896,,,,
d1897,,,,
d1898,,,,
d1899,**kōr-,,,
d1900,,,,
d1901,,,,
d1902,"*kū-r-, **kūrVkV-",,; to sleep,
d1903,,,,
d1904,,,,
d1905,,,,
d1906,*kūl-i,,paddy,
d1907,,,,
d1908,,,,
d1909,,,,
d1910,,,,
d1911,*kūẓ,,porridge,
d1912,,,,
d1913,,,,
d1914,,,,
d1915,,,,
d1916,,,,
d1917,,,,
d1918,,,,
d1919,,,,
d1920,,,,
d1921,,,,
d1922,,,,
d1923,,,,
d1924,,,,
d1925,,,,
d1926,,,,
d1927,,,,
d1928,,,,
d1929,,,,
d1930,"*kūm-, *kum-V-",,"pigeon, dove",
d1931,**kēcV,,,
d1932,,,,
d1933,,,,
d1934,,,,
d1935,,,,
d1936,"*kec-, **keyVcY",,; ?paddy,
d1937,,,,
d1938,,,,
d1939,,,,
d1940,,,,
d1941,,,,
d1942,"*keṭ-u, *kēṭu, *keṭ-al, *kēṭu-ti, *keṭ-ṭa",,"evil; ruin; damage; to perish, decay",
d1943,,,,
d1944,**keṇa-,,,
d1945,,,,
d1946,,,,
d1947,**kenṭV-,,,
d1948,,,,
d1949,,,,
d1950,,,,
d1951,,,,
d1952,,,,
d1953,,,,
d1954,"*qett- / *qett-i-, **kettV-",,,
d1955,"*kep-, **kevV-",,to tell; ,
d1956,,,,
d1957,"*key-, *key-pi-",,to cause one to do; to do,
d1958,"*kay-m-, *key-(a)m, **kayVcV-",,; field; wet field,
d1959,,,,
d1960,,,,
d1961,,,,
d1962,,,,
d1963,*ker-uppu,,sandal,
d1964,,,,
d1965,,,,
d1966,,,,
d1967,,,,
d1968,,,,
d1969,,,,
d1970,,,,
d1971,,,,
d1972,,,,
d1973,,,,
d1974,,,,
d1975,,,,
d1976,,,,
d1977,"*kir-V-, *kev-i, *kev-iṭu, **kevVtV",,; ear; deafness,
d1978,,,,
d1979,,,,
d1980,"*keṯ-ay, *keṯ-uvu",,tank,
d1981,,,,
d1982,,,,
d1983,,,,
d1984,,,,
d1985,,,,
d1986,,,,
d1987,,,,
d1988,,,,
d1989,,,,
d1990,**kī-,,,
d1991,,,,
d1992,,,,
d1993,,,,
d1994,,,,
d1995,,,,
d1996,,,,
d1997,,,,
d1998,,,,
d1999,,,,
d2000,,,,
d2001,,,,
d2002,,,,
d2003,,,,
d2004,"*kic-ampu, *kē-mpu",,"yam; yam, <i>Arum colacasia</i>",
d2005,**kīr,,,
d2006,**kērV,,,
d2007,,,,
d2008,,,,
d2009,**kērV-,,,
d2010,,,,
d2011,,,,
d2012,,,,
d2013,**kērV-,,,
d2014,,,,
d2015,,,,
d2016,,,,
d2017,"*kēḷ-, *kēṇ-",,"to hear, ask",
d2018,,,,
d2019,"*kēṯ-, *kēṯ-ṯV, **kēṯV-, **kēṯṯV-",,; winnowing basket; to winnow,
d2020,*kec-aṯ-,,"mud, slush",
d2021,,,,
d2022,,,,
d2023,"*kay, *moẓ-am-kay, **keyVkkV",,"; hand, arm; knee/elbow joint",
d2024,,,,
d2025,,,,
d2026,*kay-tay,,fragrant screw-pine,
d2027,,,,
d2028,,,,
d2029,,,,
d2030,**kokkV,,,
d2031,,,,
d2032,,,,
d2033,,,,
d2034,,,,
d2035,,,,
d2036,,,,
d2037,,,,
d2038,,,,
d2039,,,,
d2040,,,,
d2041,,,,
d2042,,,,
d2043,,,,
d2044,,,,
d2045,,,,
d2046,,,,
d2047,,,,
d2048,,,,
d2049,,,,
d2050,,,,
d2051,,,,
d2052,,,,
d2053,,,,
d2054,**kuṭVppV,,,
d2055,,,,
d2056,,,,
d2057,,,,
d2058,,,,
d2059,,,,
d2060,,,,
d2061,,,,
d2062,,,,
d2063,"*koṭṭ-, *koṭ-, *qoṭṭ- / *qoṭṭ-i-, **koṭṭV-",,; to beat,
d2064,,,,
d2065,,,,
d2066,,,,
d2067,,,,
d2068,,,,
d2069,*koṭṭay,,stone of fruit,
d2070,,,,
d2071,,,,
d2072,,,,
d2073,,,,
d2074,,,,
d2075,,,,
d2076,,,,
d2077,,,,
d2078,,,,
d2079,,,,
d2080,,,,
d2081,,,,
d2082,,,,
d2083,,,,
d2084,**kotVkV-,,,
d2085,,,,
d2086,,,,
d2087,,,,
d2088,,,,
d2089,,,,
d2090,,,,
d2091,"*qott- / *qott-t, **kotVkkV-",,,
d2092,,,,
d2093,,,,
d2094,,,,
d2095,,,,
d2096,,,,
d2097,,,,
d2098,,,,
d2099,,,,
d2100,,,,
d2101,,,,
d2102,,,,
d2103,,,,
d2104,,,,
d2105,,,,
d2106,,,,
d2107,,,,
d2108,,,,
d2109,,,,
d2110,,,,
d2111,,,,
d2112,,,,
d2113,,,,
d2114,,,,
d2115,,,,
d2116,,,,
d2117,*komm-,,receptacle for storing grain,
d2118,,,,
d2119,"*koy-, *qoy- / *qoy-t-, *koy-, **koy-",,"; to cut, harvest crop; to reap, to cut",
d2120,,,,
d2121,,,,
d2122,,,,
d2123,,,,
d2124,,,,
d2125,"*kor-Vnk-, *kor-nkk-",,"a stork, crane",
d2126,,,,
d2127,,,,
d2128,,,,
d2129,,,,
d2130,**korVppV,,,
d2131,,,,
d2132,*kol-,,to kill,
d2133,*kol,,smithy,
d2134,,,,
d2135,,,,
d2136,,,,
d2137,,,,
d2138,,,,
d2139,,,,
d2140,,,,
d2141,,,,
d2142,,,,
d2143,,,,
d2144,,,,
d2145,,,,
d2146,,,,
d2147,,,,
d2148,,,,
d2149,"*koẓ-utt-V, *kōẓ-, *koẓ-V, *kōẓ-, *koẓ-V, **kōr-",,"new, young, tender; ; son, young one; new",
d2150,,,,
d2151,"*koḷ-, *koṇ-",,"to receive, buy; reflexive marker",
d2152,,,,
d2153,*koḷ,,horsegram,
d2154,,,,
d2155,,,,
d2156,,,,
d2157,,,,
d2158,,,,
d2159,,,,
d2160,*koṯ-u,,chicken,
d2161,,,,
d2162,,,,
d2163,,,,
d2164,,,,
d2165,"*koṯ-i, *koṯ-V",,a kind of millet; sheep,
d2166,,,,
d2167,,,,
d2168,*koṯ-ay,,to pierce,
d2169,,,,
d2170,,,,
d2171,,,,
d2172,,,,
d2173,,,,
d2174,,,,
d2175,,,,
d2176,,,,
d2177,"*kō, *kō-n-ṯu, *kōn-yātu, *kōy-il",,"palace, temple; king; temple tank, open well",
d2178,,,,
d2179,,,,
d2180,,,,
d2181,,,,
d2182,,,,
d2183,,,,
d2184,,,,
d2185,,,,
d2186,,,,
d2189,,,,
d2190,,,,
d2191,,,,
d2192,,,,
d2193,,,,
d2194,,,,
d2195,,,,
d2196,,,,
d2197,,,,
d2198,,,,
d2199,,,,
d2200,"*kōṭ-u, *kōṯ-",,horn; ,
d2201,,,,
d2202,,,,
d2203,*kōṭ-ay,,"west wind, monsoon",
d2204,,,,
d2205,,,,
d2206,,,,
d2207,*kōṭṭ-ay,,fort,
d2208,,,,
d2209,,,,
d2210,,,,
d2211,,,,
d2212,,,,
d2213,,,,
d2214,,,,
d2215,,,,
d2216,,,,
d2217,,,,
d2218,,,,
d2219,,,,
d2220,,,,
d2221,,,,
d2222,,,,
d2223,,,,
d2224,,,,
d2225,,,,
d2226,,,,
d2227,,,,
d2228,,,,
d2229,,,,
d2230,,,,
d2231,,,,
d2232,,,,
d2233,,,,
d2234,,,,
d2235,,,,
d2236,,,,
d2237,*kōl,,"stick, plough shaft",
d2238,,,,
d2239,,,,
d2240,,,,
d2241,,,,
d2242,,,,
d2243,,,,
d2244,,,,
d2245,,,,
d2246,,,,
d2247,,,,
d2248,*kōẓi,,chicken,
d2249,,,,
d2250,,,,
d2251,,,,
d2252,,,,
d2253,,,,
d2254,,,,
d2255,,,,
d2256,,,,
d2257,,,,
d2258,,,,
d2259,,,,
d2260,,,,
d2261,,,,
d2262,,,,
d2263,,,,
d2264,,,,
d2265,,,,
d2266,,,,
d2267,,,,
d2268,,,,
d2269,,,,
d2270,,,,
d2271,,,,
d2272,,,,
d2273,,,,
d2274,,,,
d2275,,,,
d2276,,,,
d2277,,,,
d2278,,,,
d2279,,,,
d2280,,,,
d2281,,,,
d2282,,,,
d2283,,,,
d2284,,,,
d2285,,,,
d2286,,,,
d2287,,,,
d2288,,,,
d2289,,,,
d2290,,,,
d2291,,,,
d2292,,,,
d2293,,,,
d2294,,,,
d2295,,,,
d2296,,,,
d2297,,,,
d2298,,,,
d2299,,,,
d2300,,,,
d2301,**caṭVmV-,,,
d2302,,,,
d2303,,,,
d2304,,,,
d2305,,,,
d2306,*caṭṭi,,small pot,
d2307,,,,
d2308,,,,
d2309,,,,
d2310,,,,
d2311,,,,
d2312,,,,
d2313,,,,
d2314,,,,
d2315,,,,
d2316,,,,
d2317,,,,
d2318,,,,
d2319,,,,
d2320,,,,
d2321,,,,
d2322,,,,
d2323,,,,
d2324,,,,
d2325,,,,
d2326,,,,
d2327,*cat-V-,,to read,
d2328,,,,
d2329,,,,
d2330,,,,
d2331,,,,
d2332,,,,
d2333,,,,
d2334,,,,
d2335,,,,
d2336,**cappV-,,,
d2337,,,,
d2338,,,,
d2339,,,,
d2340,,,,
d2341,**camV-,,,
d2342,*cam-V-,,"to be made, to form",
d2343,,,,
d2344,,,,
d2345,,,,
d2346,,,,
d2347,,,,
d2348,,,,
d2349,,,,
d2350,,,,
d2351,,,,
d2352,,,,
d2353,,,,
d2354,,,,
d2355,,,,
d2356,,,,
d2357,,,,
d2358,,,,
d2359,*car-ac-,,snake,
d2360,,,,
d2361,,,,
d2362,,,,
d2363,,,,
d2364,,,,
d2365,,,,
d2366,,,,
d2367,,,,
d2368,,,,
d2369,,,,
d2370,,,,
d2371,,,,
d2372,,,,
d2373,,,,
d2374,,,,
d2375,,,,
d2376,,,,
d2377,**celVkV-,,,
d2378,,,,
d2379,,,,
d2380,,,,
d2381,,,,
d2382,,,,
d2383,,,,
d2384,,,,
d2385,,,,
d2386,,,,
d2387,,,,
d2388,,,,
d2389,,,,
d2390,,,,
d2391,,,,
d2392,,,,
d2393,,,,
d2394,,,,
d2395,,,,
d2396,,,,
d2397,,,,
d2398,,,,
d2399,,,,
d2400,,,,
d2401,,,,
d2402,*caṭa-ppī,,cowdung (lit. bullock's excrement),
d2403,,,,
d2404,,,,
d2405,,,,
d2406,,,,
d2407,,,,
d2408,,,,
d2409,,,,
d2410,"*cāl-iy-anṯu, *cāl-Vy-anṯu",,nephew/son-in-law; weaver,
d2411,*caḷ-V-,,buttermilk,
d2412,,,,
d2413,,,,
d2414,,,,
d2415,,,,
d2416,**car-,,,
d2417,,,,
d2418,,,,
d2419,,,,
d2420,,,,
d2421,,,,
d2422,,,,
d2423,,,,
d2424,,,,
d2425,,,,
d2426,"*caH-, *ceH-, *caH-, *cā-, *cay-, *cāy-, *keH-, *key-, **cā-",,to die; ,
d2427,,,,
d2428,,,,
d2429,,,,
d2430,,,,
d2431,,,,
d2432,,,,
d2433,,,,
d2434,,,,
d2435,**cēccV,,,
d2436,,,,
d2437,,,,
d2438,,,,
d2439,,,,
d2440,**cāṭṭVkV-,,,
d2441,,,,
d2442,,,,
d2443,,,,
d2444,,,,
d2445,,,,
d2446,,,,
d2447,,,,
d2448,,,,
d2449,,,,
d2450,,,,
d2451,,,,
d2452,,,,
d2453,,,,
d2454,,,,
d2455,,,,
d2456,,,,
d2457,,,,
d2458,,,,
d2459,,,,
d2460,,,,
d2461,,,,
d2462,,,,
d2463,,,,
d2464,,,,
d2465,,,,
d2466,,,,
d2467,,,,
d2468,,,,
d2469,,,,
d2470,,,,
d2471,*cāl,,ploughed furrow,
d2472,,,,
d2473,,,,
d2474,,,,
d2475,,,,
d2476,,,,
d2477,,,,
d2478,,,,
d2479,,,,
d2480,,,,
d2481,,,,
d2482,,,,
d2483,,,,
d2484,"*cār-, *cēr-",,to go reach,
d2485,"*caṯ-V, *cāṯ-u",,six,
d2486,**cāl,,,
d2487,,,,
d2488,,,,
d2489,**cikV,,,
d2490,,,,
d2491,,,,
d2492,,,,
d2493,,,,
d2494,,,,
d2495,,,,
d2496,,,,
d2497,,,,
d2498,,,,
d2499,,,,
d2500,,,,
d2501,,,,
d2502,,,,
d2503,,,,
d2504,,,,
d2505,,,,
d2506,,,,
d2507,,,,
d2508,,,,
d2509,,,,
d2510,,,,
d2511,,,,
d2512,,,,
d2513,,,,
d2514,,,,
d2515,*cir-ṅk,,cattle-bell,
d2516,,,,
d2517,,,,
d2518,*ciṭ(r)/cir(k)-,,squirrel,
d2519,,,,
d2520,,,,
d2521,,,,
d2522,,,,
d2523,,,,
d2524,,,,
d2525,,,,
d2526,,,,
d2527,,,,
d2528,,,,
d2529,*cin-tta,,tamarind,
d2530,,,,
d2531,,,,
d2532,,,,
d2533,,,,
d2534,,,,
d2535,,,,
d2536,,,,
d2537,,,,
d2538,,,,
d2539,,,,
d2540,*cim-i(ṇ)ṭ/u(ṇ)ṭ-,,,
d2541,,,,
d2542,,,,
d2543,,,,
d2544,**cimV,,,
d2545,,,,
d2546,,,,
d2547,,,,
d2548,*cim(p)-,,,
d2549,,,,
d2550,,,,
d2551,,,,
d2552,"*cir-, *cir-a-, *cir-V-ḷ, *cir-V-nk-, *cir-umpu",,"black metal, iron; darkness; black",
d2553,*cir,,day,
d2554,,,,
d2555,,,,
d2556,,,,
d2557,,,,
d2558,,,,
d2559,*cil-,,to be not,
d2560,,,,
d2561,,,,
d2562,,,,
d2563,,,,
d2564,,,,
d2565,,,,
d2566,,,,
d2567,,,,
d2568,,,,
d2569,,,,
d2570,,,,
d2571,,,,
d2572,,,,
d2573,,,,
d2574,,,,
d2575,,,,
d2576,,,,
d2577,,,,
d2578,,,,
d2579,,,,
d2580,,,,
d2581,,,,
d2582,,,,
d2583,,,,
d2584,*cir-V-tt-,,the low area,
d2585,,,,
d2586,,,,
d2587,,,,
d2588,,,,
d2589,,,,
d2590,,,,
d2591,"*keṯ-V-, *ceṯ-ank-, *ceṯ-ankk-",,"wing, feather; wing",
d2592,,,,
d2593,,,,
d2594,*ciṉṉ-,,,
d2595,,,,
d2596,,,,
d2597,,,,
d2598,"*ciy-, *cī-, **cī",,; to give,
d2599,"*cī-p, *cay-pp-, *cer-, **cīccV-",,; to insert; sweeping broom,
d2600,,,,
d2601,**cīr-,,,
d2602,,,,
d2603,,,,
d2604,*cīn-kk-,,darkness,
d2605,,,,
d2606,,,,
d2607,*cīk-kāy,,soapnut,
d2608,,,,
d2609,,,,
d2610,,,,
d2611,,,,
d2612,,,,
d2613,,,,
d2614,,,,
d2615,,,,
d2616,,,,
d2617,*cīn-t(t)-V-,,date palm,
d2618,,,,
d2619,,,,
d2620,,,,
d2621,**cīppV-,,,
d2622,,,,
d2623,**cīma,,,
d2624,,,,
d2625,"*cīr-ppī, **cīr",,"; nits, (lit. lice eggs)",
d2626,,,,
d2627,,,,
d2628,*cir/cīr-,,chironji (nut/tree),
d2629,,,,
d2630,,,,
d2631,,,,
d2632,,,,
d2633,,,,
d2634,,,,
d2635,,,,
d2636,,,,
d2637,,,,
d2638,,,,
d2639,,,,
d2640,,,,
d2641,,,,
d2642,,,,
d2643,,,,
d2644,**coki-,,,
d2645,,,,
d2646,*cukk-V,,star,
d2647,,,,
d2648,,,,
d2649,,,,
d2650,,,,
d2651,,,,
d2652,,,,
d2653,,,,
d2654,"*cūṭ-, *cuṭ-V-, *cuṯ-, *k̂uṭ- / *k̂uṭ-t-, **cuṭV-",,; be hot,
d2655,,,,
d2656,,,,
d2657,,,,
d2658,,,,
d2659,,,,
d2660,,,,
d2661,*coṇṭṭ-,,mouse,
d2662,,,,
d2663,,,,
d2664,,,,
d2665,,,,
d2666,,,,
d2667,,,,
d2668,,,,
d2669,,,,
d2670,,,,
d2671,,,,
d2672,,,,
d2673,,,,
d2674,"*cup, *cov-ar, *up, *ov-ar",,salt,
d2675,,,,
d2676,,,,
d2677,"*cum-V-, **kumV-",,"; to carry on head, (n.) head-pad",
d2678,,,,
d2679,,,,
d2680,,,,
d2681,,,,
d2682,,,,
d2683,,,,
d2684,"*cūr-, *cur-V-, **kūr-",,; to curl up,
d2685,,,,
d2686,,,,
d2687,,,,
d2688,,,,
d2689,,,,
d2690,,,,
d2691,,,,
d2692,,,,
d2693,,,,
d2694,,,,
d2695,,,,
d2696,,,,
d2697,"*cuv-, *cuv-, **cuẓV-",,; fig; pipal; pipal tree,
d2698,,,,
d2699,,,,
d2700,,,,
d2701,,,,
d2702,,,,
d2703,,,,
d2704,,,,
d2705,,,,
d2706,,,,
d2707,,,,
d2708,,,,
d2709,,,,
d2710,*coṯ-ac-,,shark,
d2711,,,,
d2712,,,,
d2713,,,,
d2714,,,,
d2715,,,,
d2716,,,,
d2717,,,,
d2718,*cū,,call to dog,
d2719,,,,
d2720,,,,
d2721,,,,
d2722,,,,
d2723,,,,
d2724,,,,
d2725,,,,
d2726,,,,
d2727,,,,
d2728,,,,
d2729,,,,
d2730,,,,
d2731,,,,
d2732,,,,
d2733,,,,
d2734,,,,
d2735,*cū-ẓ,,"to see, deliberate",
d2736,,,,
d2737,,,,
d2738,,,,
d2739,,,,
d2740,,,,
d2741,,,,
d2742,,,,
d2743,,,,
d2744,,,,
d2745,,,,
d2746,,,,
d2747,,,,
d2748,,,,
d2749,,,,
d2750,,,,
d2751,**cekVḷ,,,
d2752,,,,
d2753,,,,
d2754,,,,
d2755,,,,
d2756,,,,
d2757,,,,
d2758,,,,
d2759,,,,
d2760,,,,
d2761,,,,
d2762,,,,
d2763,,,,
d2764,,,,
d2765,,,,
d2766,,,,
d2767,,,,
d2768,,,,
d2769,,,,
d2770,,,,
d2771,,,,
d2772,,,,
d2773,,,,
d2774,,,,
d2775,*kem-pu,,copper vessel,
d2776,"*cey-t-, *coy-t-",,porcupine,
d2777,,,,
d2778,**cerV-,,,
d2779,,,,
d2780,,,,
d2781,"*cal-, *can-, *can-ṯ-, *can-ṯṯ-",,"to go, pass, occur",
d2782,,,,
d2783,*cēl-āḷ,,younger sister,
d2784,,,,
d2785,,,,
d2786,,,,
d2787,,,,
d2788,,,,
d2789,**ceẓVkV-ḷ/l,,,
d2790,,,,
d2791,,,,
d2792,,,,
d2793,,,,
d2794,,,,
d2795,*ceṯ-Vkk-,,sugar-cane,
d2796,,,,
d2797,,,,
d2798,**canV,,,
d2799,,,,
d2800,,,,
d2801,,,,
d2802,,,,
d2803,,,,
d2804,,,,
d2805,,,,
d2806,,,,
d2807,,,,
d2808,,,,
d2809,,,,
d2810,,,,
d2811,,,,
d2812,,,,
d2813,,,,
d2814,,,,
d2815,*cēr,,plough yoked to oxen,
d2816,*cer-,,snake,
d2817,,,,
d2818,,,,
d2819,,,,
d2820,,,,
d2821,,,,
d2822,,,,
d2823,,,,
d2824,,,,
d2825,,,,
d2826,"*cay-m-, *cay-m-tu",,five,
d2827,,,,
d2828,,,,
d2829,,,,
d2830,,,,
d2831,,,,
d2832,,,,
d2833,,,,
d2834,,,,
d2835,*coṭ-,,to drip,
d2836,,,,
d2837,,,,
d2838,*coṭṭ-V,,lame,
d2839,,,,
d2840,,,,
d2841,,,,
d2842,,,,
d2843,**cottV,,,
d2844,,,,
d2845,,,,
d2846,,,,
d2847,,,,
d2848,,,,
d2849,,,,
d2850,,,,
d2851,,,,
d2852,,,,
d2853,,,,
d2854,,,,
d2855,*col-,,"to speak, relate",
d2856,,,,
d2857,*col-(ay),,fireplace,
d2858,,,,
d2859,,,,
d2860,,,,
d2861,"*cōṭ-, *cōṭ-am",,boat; to run,
d2862,,,,
d2863,,,,
d2864,,,,
d2865,,,,
d2866,,,,
d2867,**cō-,,,
d2868,,,,
d2869,,,,
d2870,,,,
d2871,,,,
d2872,,,,
d2873,,,,
d2874,,,,
d2875,,,,
d2876,,,,
d2877,,,,
d2878,,,,
d2879,,,,
d2880,,,,
d2881,,,,
d2882,*tirV-kal,,a hand-mill,
d2883,**corVkV-,,,
d2884,,,,
d2886,,,,
d2887,,,,
d2888,,,,
d2889,,,,
d2890,,,,
d2891,**cōlV,,,
d2892,,,,
d2893,,,,
d2894,,,,
d2895,,,,
d2896,,,,
d2897,,,,
d2898,,,,
d2899,,,,
d2900,,,,
d2901,,,,
d2902,*ñam-V-l,,peacock/peahen,
d2903,*ñar-ampu,,tendon,
d2904,**nara-,,,
d2905,,,,
d2906,,,,
d2907,"*ñam-kōl, *ñān-kil",,"plough; plough, our stick",
d2908,"*ñāṇ, *ñēṇ",,"string, cord",
d2909,,,,
d2910,*ñāc-Vṯu,,son,
d2911,,,,
d2912,,,,
d2913,"*ñāl-, **nāl",,; field,
d2914,,,,
d2915,,,,
d2916,,,,
d2917,"*ñānṯ-V-, *ñēṟ-al",,*Eugenia jambolana*; *Syzygium jambolanum*; <i>Eugenia jambolana</i>,
d2918,*ñāṯu,,to emit smell,
d2919,*ñāṯu,,seedlings for transplantation,
d2920,"*ñān-ṯu, *ñēn-ṯu",,day,
d2921,,,,
d2922,,,,
d2923,,,,
d2924,,,,
d2925,,,,
d2926,,,,
d2927,,,,
d2928,,,,
d2929,**nirVvV,,,
d2930,,,,
d2931,,,,
d2932,**konkV-,,,
d2933,,,,
d2934,,,,
d2935,,,,
d2936,,,,
d2937,,,,
d2938,,,,
d2939,,,,
d2940,,,,
d2941,,,,
d2942,,,,
d2943,,,,
d2944,,,,
d2945,,,,
d2946,,,,
d2947,,,,
d2948,,,,
d2949,,,,
d2950,,,,
d2951,,,,
d2952,,,,
d2953,,,,
d2954,,,,
d2955,,,,
d2956,,,,
d2957,,,,
d2958,,,,
d2959,,,,
d2960,,,,
d2961,,,,
d2962,,,,
d2963,,,,
d2964,,,,
d2965,,,,
d2966,,,,
d2967,,,,
d2968,,,,
d2969,,,,
d2970,,,,
d2971,,,,
d2972,,,,
d2973,,,,
d2974,,,,
d2975,,,,
d2976,,,,
d2977,*oṭ-Vkk-,,chameleon,
d2978,,,,
d2979,,,,
d2980,,,,
d2981,,,,
d2982,,,,
d2983,,,,
d2984,,,,
d2985,,,,
d2986,,,,
d2987,,,,
d2988,,,,
d2989,,,,
d2990,,,,
d2991,,,,
d2992,,,,
d2993,,,,
d2994,,,,
d2995,,,,
d2996,,,,
d2997,,,,
d2998,,,,
d2999,,,,
d3000,*takar,,ram,
d3001,,,,
d3002,,,,
d3003,,,,
d3004,**takkV-,,,
d3005,,,,
d3006,,,,
d3007,,,,
d3008,,,,
d3009,,,,
d3010,,,,
d3011,,,,
d3012,,,,
d3013,,,,
d3014,,,,
d3015,*tam-kay,,younger sister,
d3016,,,,
d3017,,,,
d3018,,,,
d3019,,,,
d3020,*taṭṭ-,,,
d3021,,,,
d3022,,,,
d3023,,,,
d3024,,,,
d3025,,,,
d3026,,,,
d3027,,,,
d3028,"*taṭṭ-, *taṭ-V-",,measles,
d3029,,,,
d3030,,,,
d3031,**tanṭV-,,,
d3032,,,,
d3033,,,,
d3034,,,,
d3035,,,,
d3036,,,,
d3037,,,,
d3038,,,,
d3039,**taṭV-,,,
d3040,,,,
d3041,,,,
d3042,,,,
d3043,,,,
d3044,,,,
d3045,"*caḷ-, *caṇ-, *taṇ, **caṇi-",,"; cool, cold",
d3046,,,,
d3047,,,,
d3048,,,,
d3049,*taṇṭ-al,,boatman,
d3050,,,,
d3051,,,,
d3052,,,,
d3053,,,,
d3054,,,,
d3055,,,,
d3056,,,,
d3057,,,,
d3058,,,,
d3059,,,,
d3060,,,,
d3061,,,,
d3062,,,,
d3063,,,,
d3064,,,,
d3065,,,,
d3066,,,,
d3067,"*tan-tay, *tan-ṯi",,father,
d3068,,,,
d3069,"*tapa-tapa, *daba-daba",,onom. walking fast,
d3070,,,,
d3071,,,,
d3072,,,,
d3073,,,,
d3074,,,,
d3075,,,,
d3076,,,,
d3077,,,,
d3078,,,,
d3079,,,,
d3080,,,,
d3081,,,,
d3082,,,,
d3083,,,,
d3084,,,,
d3085,,,,
d3086,,,,
d3087,,,,
d3088,,,,
d3089,,,,
d3090,,,,
d3091,,,,
d3092,,,,
d3093,,,,
d3094,,,,
d3095,*tar-V-,,to churn buttermilk,
d3096,,,,
d3097,,,,
d3098,"*taH-r-, *taH-",,to give to 1st or 2nd person,
d3099,,,,
d3100,,,,
d3101,,,,
d3102,,,,
d3103,*tal-ay,,"head, hair, top",
d3104,,,,
d3105,,,,
d3106,,,,
d3107,,,,
d3108,,,,
d3109,,,,
d3110,,,,
d3111,,,,
d3112,,,,
d3113,,,,
d3114,,,,
d3115,,,,
d3116,,,,
d3117,,,,
d3118,,,,
d3119,,,,
d3120,"*taẓ-Vnk-, *taẓ-nkk",,liver,
d3121,,,,
d3122,,,,
d3123,,,,
d3124,**taḷVkkV-,,,
d3125,,,,
d3126,,,,
d3127,,,,
d3128,,,,
d3129,,,,
d3130,,,,
d3131,,,,
d3132,,,,
d3133,,,,
d3134,,,,
d3135,,,,
d3136,"*taḷḷ-ay, *taḷḷ-i",,mother,
d3137,,,,
d3138,,,,
d3139,,,,
d3140,**tāṯV-,,,
d3141,,,,
d3142,,,,
d3143,,,,
d3144,,,,
d3145,,,,
d3146,,,,
d3147,,,,
d3148,,,,
d3149,,,,
d3150,,,,
d3151,,,,
d3152,,,,
d3153,,,,
d3154,**tānṭV-,,,
d3155,,,,
d3156,,,,
d3157,,,,
d3158,*tā-ṇṭu,,"to dance, jump",
d3159,,,,
d3160,*tātt-a,,grand father,
d3160A,,,,
d3161,,,,
d3162,"*tām, *tam-, **tām",,; selves,
d3163,,,,
d3164,,,,
d3165,,,,
d3166,,,,
d3167,,,,
d3168,,,,
d3169,,,,
d3170,,,,
d3171,,,,
d3172,,,,
d3173,,,,
d3174,,,,
d3175,*tāli,,wedding string with a gold piece,
d3176,,,,
d3177,,,,
d3178,"*tāẓ-vaṭam, **taẓVmV-",,; a string of beads/pearls,
d3179,,,,
d3180,,,,
d3181,,,,
d3182,,,,
d3183,,,,
d3184,,,,
d3185,,,,
d3186,,,,
d3187,,,,
d3188,,,,
d3189,,,,
d3190,,,,
d3191,,,,
d3192,,,,
d3193,,,,
d3194,,,,
d3195,,,,
d3196,"*tān, *tan-, **tān",,; self; (SD I) emphatic particle,
d3197,,,,
d3198,*tānṯi,,<i>Belleric myrobalan</i>,
d3199,,,,
d3200,,,,
d3201,,,,
d3202,,,,
d3203,,,,
d3204,,,,
d3205,,,,
d3206,,,,
d3207,,,,
d3208,,,,
d3209,,,,
d3210,,,,
d3211,,,,
d3212,,,,
d3213,*tink-aḷ,,moon,
d3214,,,,
d3215,,,,
d3216,,,,
d3217,,,,
d3218,,,,
d3219,,,,
d3220,,,,
d3221,,,,
d3222,,,,
d3223,,,,
d3224,,,,
d3225,,,,
d3226,,,,
d3227,,,,
d3228,,,,
d3229,**tuṯVvV-,,,
d3230,,,,
d3231,,,,
d3232,,,,
d3233,,,,
d3234,,,,
d3235,,,,
d3236,,,,
d3237,,,,
d3238,,,,
d3239,,,,
d3240,,,,
d3241,,,,
d3242,,,,
d3243,**tirVkV-,,,
d3244,*tir-ay,,to roll,
d3245,,,,
d3246,"*tir-a-nku, *tir-a-nkku, *tir-i (-v-, -nt-), *tir-i (-pp-, -ntt-), *tir-u-ku, *tir-u-mpu, *tir-u-kku, *tir-u-mppu, *terVm- / *terVm-i-, **tirVmV-",,; to turn; to twist; be curled up; to shrivel up,
d3247,,,,
d3248,,,,
d3249,,,,
d3250,,,,
d3251,"*tirV-, *tir-u-ntu, *tir-u-nttu",,to be corrected; be changed; to correct,
d3252,,,,
d3253,,,,
d3254,,,,
d3255,,,,
d3256,*toẓ-V,,cattle-stall,
d3257,,,,
d3258,,,,
d3259,"*tiṯ-V-, **teṯVkV-",,; to open,
d3260,,,,
d3261,,,,
d3262,,,,
d3263,"*tiHn-, *tī-nṯṯ-, **tin-, **tinV",,to eat; ; to feed,
d3264,,,,
d3265,,,,
d3266,,,,
d3267,,,,
d3268,"*tiy-am, *tē-, *tēn-ī, **tiyVnV-, **tēn-ī",,honey-bee (lit. honey-fly); honey; sweet; ,
d3269,,,,
d3270,,,,
d3271,,,,
d3272,,,,
d3273,,,,
d3274,,,,
d3275,,,,
d3276,,,,
d3277,,,,
d3278,"*tīr- / *tīr-i-, **tīr-",,,
d3279,,,,
d3280,,,,
d3281,,,,
d3282,,,,
d3283,,,,
d3284,*tuv-Vr,,coral,
d3285,,,,
d3286,,,,
d3287,,,,
d3288,**tucVkV-,,,
d3289,,,,
d3290,,,,
d3291,*tuñc-,,to sleep,
d3292,,,,
d3293,,,,
d3294,,,,
d3295,,,,
d3296,,,,
d3297,,,,
d3298,,,,
d3299,,,,
d3300,,,,
d3301,,,,
d3302,,,,
d3303,,,,
d3304,,,,
d3305,,,,
d3306,,,,
d3307,,,,
d3308,,,,
d3309,,,,
d3310,,,,
d3311,*toṇṭ-,,,
d3312,,,,
d3313,,,,
d3314,,,,
d3315,,,,
d3316,,,,
d3317,,,,
d3318,,,,
d3319,,,,
d3320,,,,
d3321,,,,
d3322,,,,
d3323,"*tupp- / *tupp-i-, **tuppV-",,,
d3324,,,,
d3325,,,,
d3326,,,,
d3326A,,,,
d3327,,,,
d3328,,,,
d3329,,,,
d3330,,,,
d3331,,,,
d3332,,,,
d3333,,,,
d3334,,,,
d3335,,,,
d3336,"*tum- / *tum-i-, **tummV-",,,
d3337,,,,
d3338,,,,
d3339,**tūr-,,,
d3340,,,,
d3341,,,,
d3342,,,,
d3343,,,,
d3344,,,,
d3345,,,,
d3346,,,,
d3347,,,,
d3348,,,,
d3349,,,,
d3350,,,,
d3351,,,,
d3352,,,,
d3353,,,,
d3354,,,,
d3355,,,,
d3356,,,,
d3357,*tul-acV,,sacred basil,
d3358,,,,
d3359,,,,
d3360,,,,
d3361,,,,
d3362,,,,
d3363,,,,
d3364,,,,
d3365,,,,
d3366,,,,
d3367,**tuṯVvV-,,,
d3368,,,,
d3369,,,,
d3370,,,,
d3371,,,,
d3372,,,,
d3373,,,,
d3374,,,,
d3375,,,,
d3376,"*tū-nk-, *tū-nkk-, **tūnkV-ḷ/l",,; to swing,
d3377,,,,
d3378,,,,
d3379,,,,
d3380,,,,
d3381,,,,
d3382,,,,
d3383,,,,
d3384,,,,
d3385,,,,
d3386,,,,
d3387,,,,
d3388,,,,
d3389,,,,
d3390,**cūr-,,,
d3391,,,,
d3392,,,,
d3393,,,,
d3394,,,,
d3395,,,,
d3396,,,,
d3397,,,,
d3398,*tuv-Vṯ-,,to drizzle,
d3399,**tuṯVtV-,,,
d3400,,,,
d3401,,,,
d3402,,,,
d3403,,,,
d3404,,,,
d3405,,,,
d3406,,,,
d3407,,,,
d3408,,,,
d3409,,,,
d3410,,,,
d3411,,,,
d3412,,,,
d3413,,,,
d3414,*tepp-V-,,float,
d3415,,,,
d3416,,,,
d3417,,,,
d3418,,,,
d3419,"*tēr, *ter-V-",,"to become clear, to know",
d3420,,,,
d3421,,,,
d3422,,,,
d3423,,,,
d3424,,,,
d3425,,,,
d3426,,,,
d3427,,,,
d3428,,,,
d3429,,,,
d3430,,,,
d3431,,,,
d3431A,,,,
d3432,,,,
d3433,"*teḷ-V-, **teḷVkV-",,"; white, clear",
d3434,,,,
d3435,"*teḷ-, **tēḷ-",,"; to sift, to winnow",
d3436,,,,
d3437,,,,
d3438,,,,
d3439,,,,
d3440,,,,
d3441,,,,
d3442,,,,
d3443,,,,
d3444,,,,
d3445,,,,
d3446,"*teṯ- / *teṯ-t-, **teṯV-",,,
d3447,,,,
d3448,,,,
d3449,"*ten, *teṯ-kku, *ten-kāy",,coconut (southern fruit); south,
d3450,,,,
d3451,*tē-,,"be full, satiated",
d3452,*tēn-kk-,,teak,
d3453,,,,
d3454,,,,
d3455,,,,
d3456,,,,
d3457,,,,
d3458,,,,
d3459,*tēr,,chariot,
d3460,,,,
d3461,,,,
d3462,,,,
d3463,,,,
d3464,,,,
d3465,,,,
d3466,,,,
d3467,,,,
d3468,,,,
d3469,,,,
d3470,*tēḷ,,scorpion,
d3471,*tēṯṯ-,,to recover,
d3472,,,,
d3473,,,,
d3474,,,,
d3475,,,,
d3476,,,,
d3477,,,,
d3478,,,,
d3479,,,,
d3480,"*toṭ-V-, **toṭVcV-",,to hold; ,
d3481,,,,
d3482,,,,
d3483,,,,
d3484,,,,
d3485,*tamp-V-,,younger brother,
d3486,,,,
d3487,,,,
d3488,,,,
d3489,,,,
d3490,,,,
d3491,,,,
d3492,,,,
d3493,,,,
d3494,,,,
d3495,,,,
d3496,,,,
d3497,,,,
d3498,,,,
d3499,,,,
d3500,,,,
d3501,*toṇṭ-V-,,chameleon,
d3502,,,,
d3503,,,,
d3504,,,,
d3505,,,,
d3506,,,,
d3507,,,,
d3508,,,,
d3509,,,,
d3510,,,,
d3511,,,,
d3512,,,,
d3513,,,,
d3514,,,,
d3515,*tor-Vmp-,,lungs,
d3516,,,,
d3517,,,,
d3518,,,,
d3519,,,,
d3520,,,,
d3521,**naẓVkV,,,
d3522,,,,
d3523,*toẓ-V-,,slavery,
d3524,,,,
d3525,,,,
d3526,*toẓ-V,,cattle stall,
d3527,,,,
d3528,,,,
d3529,,,,
d3530,,,,
d3531,,,,
d3532,"*toḷ-, *toṇ-",,"nine, 9/10",
d3533,,,,
d3534,*toṯ-V,,"cattle, cow",
d3535,,,,
d3536,,,,
d3537,,,,
d3538,,,,
d3539,**tōkkV-,,,
d3540,,,,
d3541,,,,
d3542,*tōc-ay,,a cereal pancake,
d3543,,,,
d3544,,,,
d3545,,,,
d3546,,,,
d3547,**tōnṭV-,,,
d3548,"*tōẓ-, *tōẓ-nt-",,wolf,
d3549,*tōṇ-ṭṭ-am,,garden,
d3550,,,,
d3551,,,,
d3552,,,,
d3553,,,,
d3554,,,,
d3555,,,,
d3556,,,,
d3557,,,,
d3558,,,,
d3559,"*tokk-, *tok-al, *tō-l",,skin,
d3560,,,,
d3561,,,,
d3562,,,,
d3563,,,,
d3564,,,,
d3565,,,,
d3566,*tōn-ṯu,,"to appear, strike to mind",
d3567,,,,
d3568,,,,
d3569,,,,
d3570,,,,
d3571,,,,
d3572,,,,
d3573,,,,
d3574,,,,
d3575,,,,
d3576,,,,
d3577,,,,
d3578,,,,
d3579,,,,
d3580,**nancV,,,
d3581,,,,
d3582,*naṭ-a,,to walk,
d3583,,,,
d3584,,,,
d3585,,,,
d3586,,,,
d3587,,,,
d3588,,,,
d3589,"*naṇ- / *naṇ-i-, **naṇ-",,,
d3590,,,,
d3591,,,,
d3592,,,,
d3593,,,,
d3594,,,,
d3595,,,,
d3596,**navVṭṭV,,,
d3597,,,,
d3598,,,,
d3599,,,,
d3600,,,,
d3601,,,,
d3602,*na-mpu,,to long for,
d3603,,,,
d3604,,,,
d3605,,,,
d3606,,,,
d3607,,,,
d3608,,,,
d3609,,,,
d3610,"*nan-key, *nal",,good (wet) land; good,
d3611,**nalVvV-,,,
d3612,"*naḷ- / *naḷ-t-, **na-ḷ/l-i-",,,
d3613,,,,
d3614,,,,
d3615,,,,
d3616,,,,
d3617,,,,
d3618,,,,
d3619,,,,
d3620,,,,
d3621,"*nāḷ, *naḷ-V-",,night,
d3621A,,,,
d3622,,,,
d3623,,,,
d3624,,,,
d3625,,,,
d3626,,,,
d3627,,,,
d3628,,,,
d3629,,,,
d3630,,,,
d3631,,,,
d3632,,,,
d3633,"*nā-l, *nā-l-nk(k)",,,
d3634,,,,
d3635,,,,
d3636,,,,
d3637,,,,
d3638,"*nāṭu, *nāṯu",,"country, place",
d3639,,,,
d3640,,,,
d3641,,,,
d3642,,,,
d3643,,,,
d3644,,,,
d3645,,,,
d3646,,,,
d3647,**nām,,,
d3648,"*nām-, *nam-V-",,be emaciated,
d3649,,,,
d3650,"*naH-ay, *naH-att, *naH-kuẓi",,dog,
d3651,,,,
d3652,,,,
d3653,,,,
d3654,,,,
d3655,"*nāl, *nal-V-, *nāl-nk(k)V-, **nālVkV",,four; ,
d3656,"*nāḷ, *nāṇ-ṭ-, **nāḷV",,; day,
d3657,,,,
d3658,,,,
d3659,,,,
d3660,,,,
d3661,,,,
d3662,,,,
d3663,,,,
d3664,,,,
d3665,,,,
d3666,,,,
d3667,,,,
d3668,,,,
d3669,,,,
d3670,,,,
d3671,,,,
d3672,,,,
d3673,,,,
d3674,,,,
d3675,"*nil-, *niṯ-, *niṯṯ-, **nil-",,; to stand,
d3676,,,,
d3677,,,,
d3678,,,,
d3679,,,,
d3680,,,,
d3681,,,,
d3682,"*niṯ-, *nin-ṯ-, **ninṯV-",,; to be full,
d3683,*nen-ay,,to think,
d3684,**nī,,,
d3685,*nī-,,to abandon,
d3686,,,,
d3687,,,,
d3688,"*nī-n, *nin-, *nīm, *nim-, **nīm",,; thou; you,
d3689,,,,
d3690,"*kaṇ-ṇīr, *nīr",,water; tear,
d3691,,,,
d3692,*nī-,,be elongated,
d3693,,,,
d3694,,,,
d3695,,,,
d3696,,,,
d3697,"*nunVq- / *nunVq-i-, **nuṇVkV-",,,
d3698,,,,
d3699,,,,
d3700,,,,
d3701,,,,
d3702,,,,
d3703,,,,
d3704,,,,
d3705,,,,
d3706,*nūy,,well,
d3707,,,,
d3708,,,,
d3709,,,,
d3710,,,,
d3711,,,,
d3712,,,,
d3713,,,,
d3714,"*nūẓ, *nuẓ-V-, **nuṭV-, **ārVccV",,; to squeeze through,
d3715,"*nuẓ-Vḷ, *nuẓ-nk-",,mosquito,
d3716,,,,
d3717,,,,
d3718,,,,
d3719,,,,
d3720,*nū(v),,sesame,
d3721,,,,
d3722,,,,
d3723,,,,
d3724,,,,
d3725,,,,
d3726,,,,
d3727,,,,
d3728,*nūl,,thread,
d3729,*nūṯ-,,hundred,
d3730,,,,
d3731,,,,
d3732,*nek-Vḷ,,alligator,
d3733,,,,
d3734,,,,
d3735,,,,
d3736,*neñ-cV,,"mind, heart, pith",
d3737,,,,
d3738,,,,
d3739,*niṭṭa,,,
d3740,,,,
d3741,,,,
d3742,,,,
d3743,*nel,,a paddy variety,
d3744,,,,
d3745,"*nec-, *ney-",,to weave,
d3746,"*ney, **ney",,; oil,
d3747,,,,
d3748,,,,
d3749,,,,
d3750,,,,
d3751,,,,
d3752,,,,
d3753,,,,
d3754,"*nel-a-nc, *nel-a-ncc, *nel-V-",,moon; month,
d3755,"*nell-, *nel-V-",,"myrobalan tree, <i>Phyllanthus emblica</i>",
d3756,,,,
d3757,,,,
d3758,"*niṯ(V)-nay, *niṯ(V)-nal, *niṯ(V)-nāḷ",,"yesterday, completed day",
d3759,,,,
d3760,,,,
d3761,,,,
d3762,,,,
d3763,,,,
d3764,,,,
d3765,,,,
d3766,,,,
d3767,,,,
d3768,,,,
d3769,"*nē(m)p-, **nāvV-",,; to winnow,
d3770,,,,
d3771,,,,
d3772,,,,
d3773,,,,
d3774,*nēram,,"time, sun",
d3775,,,,
d3776,,,,
d3777,,,,
d3778,,,,
d3779,,,,
d3780,,,,
d3781,,,,
d3782,,,,
d3783,"*noṭ-, *noṯ-",,to wash,
d3784,*noṭ-V-,,to say,
d3785,,,,
d3786,,,,
d3787,,,,
d3788,,,,
d3789,,,,
d3790,,,,
d3791,**nuṇVkV-,,,
d3792,,,,
d3793,*nōy-,,to pain,
d3794,,,,
d3795,,,,
d3796,,,,
d3797,,,,
d3798,,,,
d3799,,,,
d3800,*nōn-pu,,a religious vow,
d3801,,,,
d3802,,,,
d3803,,,,
d3804,,,,
d3805,*pak-al,,daylight,
d3806,,,,
d3807,,,,
d3808,*pay-,,to break,
d3809,,,,
d3810,,,,
d3811,,,,
d3812,"*pacc-, *pac-, *pac-Vṇṭ-",,yellow metal/gold; yellow/green,
d3813,,,,
d3814,,,,
d3815,,,,
d3816,,,,
d3817,,,,
d3818,,,,
d3819,,,,
d3820,,,,
d3821,"*pac-Vṯ-, *pac-Vl",,green gram,
d3822,,,,
d3823,,,,
d3824,,,,
d3825,,,,
d3826,,,,
d3827,,,,
d3828,,,,
d3829,,,,
d3830,,,,
d3831,,,,
d3832,,,,
d3833,,,,
d3834,,,,
d3835,,,,
d3836,,,,
d3837,,,,
d3838,*paṭ-Vku,,small boat,
d3839,,,,
d3840,,,,
d3841,,,,
d3842,,,,
d3843,,,,
d3844,,,,
d3845,,,,
d3846,,,,
d3847,,,,
d3848,,,,
d3849,,,,
d3850,,,,
d3851,,,,
d3852,,,,
d3853,,,,
d3854,,,,
d3855,,,,
d3856,,,,
d3857,,,,
d3858,,,,
d3859,,,,
d3860,,,,
d3861,,,,
d3862,,,,
d3863,,,,
d3864,,,,
d3865,,,,
d3866,,,,
d3867,,,,
d3868,,,,
d3869,,,,
d3870,,,,
d3871,,,,
d3872,,,,
d3873,,,,
d3874,,,,
d3875,,,,
d3876,,,,
d3877,,,,
d3878,,,,
d3879,,,,
d3880,,,,
d3881,*paḍḍ-V,,a female buffalo,
d3882,,,,
d3883,,,,
d3884,*paṇ-V-,,work,
d3885,,,,
d3886,,,,
d3887,"*pāṇ-, *paṇ-V-",,"ask, commission",
d3888,,,,
d3889,,,,
d3890,,,,
d3891,*pan,,agriculture land,
d3892,,,,
d3893,,,,
d3894,,,,
d3895,,,,
d3896,,,,
d3897,,,,
d3898,,,,
d3899,,,,
d3900,,,,
d3901,,,,
d3902,,,,
d3903,,,,
d3904,,,,
d3905,,,,
d3906,,,,
d3907,,,,
d3908,,,,
d3909,,,,
d3910,,,,
d3911,,,,
d3912,,,,
d3913,,,,
d3914,,,,
d3915,,,,
d3916,,,,
d3917,,,,
d3918,"*paH-, *paH-tu",,ten,
d3919,,,,
d3920,,,,
d3921,,,,
d3922,,,,
d3923,,,,
d3924,,,,
d3925,,,,
d3926,,,,
d3927,,,,
d3928,,,,
d3929,,,,
d3930,,,,
d3931,,,,
d3932,,,,
d3933,,,,
d3934,,,,
d3935,,,,
d3936,,,,
d3937,,,,
d3938,,,,
d3939,*pac-V-,,calf,
d3940,,,,
d3941,,,,
d3942,,,,
d3943,,,,
d3944,,,,
d3945,,,,
d3946,,,,
d3947,,,,
d3948,,,,
d3949,*par-a,,to spread,
d3950,,,,
d3951,,,,
d3952,,,,
d3953,,,,
d3954,,,,
d3955,*par-Vṇṭu,,bullfrog,
d3956,,,,
d3957,,,,
d3958,,,,
d3959,,,,
d3960,,,,
d3961,,,,
d3962,,,,
d3963,,,,
d3964,,,,
d3965,,,,
d3966,,,,
d3967,,,,
d3968,,,,
d3969,,,,
d3970,,,,
d3971,,,,
d3972,,,,
d3973,,,,
d3974,,,,
d3975,,,,
d3976,*par-utti,,cotton,
d3977,*par-Vntu,,vulture,
d3978,,,,
d3979,,,,
d3980,,,,
d3981,,,,
d3982,,,,
d3983,,,,
d3984,,,,
d3985,,,,
d3986,*pal,,tooth,
d3987,*pal-V,,many,
d3988,"*pal-acV, *pan-acV",,jack fruit tree,
d3989,,,,
d3990,,,,
d3991,,,,
d3992,,,,
d3994,*pall-i,,a lizard,
d3995,,,,
d3996,,,,
d3997,,,,
d3998,*pav-aẓ,,coral,
d3999,*paẓ-a,,"old, used (referring mainly to objects)",
d4000,,,,
d4001,,,,
d4002,,,,
d4003,,,,
d4004,"*paẓ-V-, *paẓ-V-",,; to ripen,
d4005,,,,
d4006,,,,
d4007,,,,
d4008,,,,
d4009,,,,
d4010,,,,
d4011,,,,
d4012,,,,
d4013,,,,
d4014,,,,
d4015,,,,
d4016,,,,
d4017,,,,
d4018,*paḷḷi,,hamlet,
d4019,,,,
d4020,"*pāṯ-, *paṯ-V-",,to run,
d4021,,,,
d4022,,,,
d4023,,,,
d4024,,,,
d4025,,,,
d4026,,,,
d4027,,,,
d4028,,,,
d4029,,,,
d4030,,,,
d4031,,,,
d4032,,,,
d4033,,,,
d4034,,,,
d4035,"*pan-i-(kil), *pan-nīr",,dew; cool water,
d4036,,,,
d4037,*pan-V-,,palm tree,
d4038,,,,
d4039,*pan-ṯi,,pig,
d4040,,,,
d4041,,,,
d4042,,,,
d4043,,,,
d4044,,,,
d4045,,,,
d4046,,,,
d4047,,,,
d4048,*pānkk-,,betel nut,
d4049,,,,
d4050,,,,
d4051,,,,
d4052,,,,
d4053,,,,
d4054,,,,
d4056,,,,
d4057,,,,
d4058,,,,
d4059,,,,
d4060,,,,
d4061,,,,
d4062,,,,
d4063,,,,
d4064,,,,
d4065,"*pāṭ-V, *pāṯ-, *pāṭ- / *pāṭ-i-",,; to sing,
d4066,*pāṭṭ-ān,,grand father,
d4067,,,,
d4068,,,,
d4069,,,,
d4070,,,,
d4071,,,,
d4072,,,,
d4073,,,,
d4074,,,,
d4075,,,,
d4076,,,,
d4077,,,,
d4078,,,,
d4079,,,,
d4080,,,,
d4081,,,,
d4082,,,,
d4083,,,,
d4084,,,,
d4085,*pāmpu,,snake,
d4086,,,,
d4087,*pāy,,to leap,
d4088,,,,
d4089,,,,
d4090,,,,
d4091,*pār,,"to see, perceive, know",
d4092,,,,
d4093,*pār-ay,,crowbar,
d4094,,,,
d4095,,,,
d4096,*pāl,,"milk, breast",
d4097,,,,
d4098,,,,
d4099,,,,
d4100,,,,
d4101,,,,
d4102,**valVkkV,,,
d4103,,,,
d4104,,,,
d4105,,,,
d4106,*pā(vu)k(k)-,,(wild) cat,
d4107,,,,
d4108,,,,
d4109,,,,
d4110,,,,
d4111,,,,
d4112,,,,
d4113,,,,
d4114,,,,
d4115,,,,
d4116,,,,
d4117,,,,
d4118,,,,
d4119,,,,
d4120,,,,
d4121,,,,
d4122,,,,
d4123,,,,
d4124,*vān-ay,,a large earthen pot to store grain,
d4125,,,,
d4126,,,,
d4127,,,,
d4128,,,,
d4129,,,,
d4130,,,,
d4131,,,,
d4132,,,,
d4133,,,,
d4134,,,,
d4135,"*pic-V-, *piẓ-V-",,to squeeze,
d4136,,,,
d4137,,,,
d4138,,,,
d4139,,,,
d4140,,,,
d4141,,,,
d4142,"*picc-, *pic-V-",,insanity,
d4143,,,,
d4144,,,,
d4145,,,,
d4145A,,,,
d4146,*peṭ-a,,nape of neck,
d4147,,,,
d4148,*piṭ-i,,(v.t.) to grasp; (n.) handle,
d4149,,,,
d4150,,,,
d4151,,,,
d4152,,,,
d4153,,,,
d4154,,,,
d4155,,,,
d4156,,,,
d4157,,,,
d4158,,,,
d4159,,,,
d4160,,,,
d4161,,,,
d4162,,,,
d4163,,,,
d4164,,,,
d4165,,,,
d4166,,,,
d4167,"*pī-t-, *pi-tt-",,to fart,
d4168,,,,
d4169,,,,
d4170,,,,
d4171,,,,
d4172,,,,
d4173,,,,
d4174,,,,
d4175,,,,
d4176,,,,
d4177,,,,
d4178,,,,
d4179,,,,
d4180,*pill-V,,cat,
d4181,,,,
d4182,,,,
d4183,"*piṇṭ-, *piẓi-, **viẓVnV-, **ikVlVcV-",,; to squeeze,
d4184,,,,
d4185,,,,
d4186,,,,
d4187,,,,
d4188,,,,
d4189,,,,
d4190,*piẓ-Vcc-,,sparrow,
d4191,,,,
d4192,,,,
d4193,*piẓ-ul,,intestines,
d4194,,,,
d4195,,,,
d4196,,,,
d4197,,,,
d4198,,,,
d4199,*piṯ-u,,rain,
d4200,,,,
d4201,,,,
d4202,,,,
d4203,,,,
d4204,,,,
d4205,"*pin-, *piṯ-",,"back, end in place or time, afterwards",
d4206,,,,
d4207,,,,
d4208,,,,
d4209,,,,
d4210,"*caṭa-ppī, *piy, *pī",,excrement; cowdung (lit. bullock's excrement),
d4211,,,,
d4212,,,,
d4213,,,,
d4214,,,,
d4215,,,,
d4216,,,,
d4217,,,,
d4218,,,,
d4219,,,,
d4220,,,,
d4221,,,,
d4222,,,,
d4223,,,,
d4224,*pīr-,,sponge gourd,
d4225,*pīr,,thatched grass,
d4226,*pī-lV/cV/kV,,peacock tail,
d4227,,,,
d4228,,,,
d4229,,,,
d4230,,,,
d4231,,,,
d4232,,,,
d4233,,,,
d4234,,,,
d4235,*pok-Vẓ,,to praise,
d4236,,,,
d4237,,,,
d4238,,,,
d4239,,,,
d4240,*pok-ay,,smoke,
d4241,,,,
d4242,,,,
d4243,*pun-nay,,mastwood,
d4244,,,,
d4245,,,,
d4246,,,,
d4247,,,,
d4248,,,,
d4249,,,,
d4250,,,,
d4251,,,,
d4252,,,,
d4253,,,,
d4254,,,,
d4255,,,,
d4256,,,,
d4257,,,,
d4258,,,,
d4259,,,,
d4260,,,,
d4261,,,,
d4262,*puṭṭi,,a measure of c. 500 lbs.,
d4263,,,,
d4264,,,,
d4265,,,,
d4265A,,,,
d4266,,,,
d4267,,,,
d4268,,,,
d4269,,,,
d4270,,,,
d4271,,,,
d4272,,,,
d4273,,,,
d4274,,,,
d4275,"*puc-V, *put-V-",,new,
d4276,,,,
d4277,,,,
d4278,,,,
d4279,,,,
d4280,,,,
d4281,,,,
d4282,*puy-il,,ploughshare,
d4283,,,,
d4284,,,,
d4285,,,,
d4286,,,,
d4287,,,,
d4288,,,,
d4289,,,,
d4290,*pur-uṭu,,birth pollution,
d4291,,,,
d4292,,,,
d4293,,,,
d4294,,,,
d4295,*por-ay,,cataract of eye,
d4296,,,,
d4297,,,,
d4298,,,,
d4299,,,,
d4300,*pul,,grass,
d4301,,,,
d4302,,,,
d4303,*pol-am,,field,
d4304,,,,
d4305,,,,
d4306,,,,
d4307,*pul-i,,tiger,
d4308,,,,
d4309,,,,
d4310,,,,
d4311,,,,
d4312,*puẓ-u,,insect,
d4313,,,,
d4314,,,,
d4315,,,,
d4316,,,,
d4317,,,,
d4318,,,,
d4319,,,,
d4320,,,,
d4321,,,,
d4322,*puḷ-,,sour,
d4323,,,,
d4324,,,,
d4325,,,,
d4326,,,,
d4327,,,,
d4328,,,,
d4329,,,,
d4330,,,,
d4331,,,,
d4332,*puṯ-V,,"gourd shell, skull",
d4333,,,,
d4334,*puṯ-ac-,,"dove, pigeon",
d4335,"*pun-ṯṯ, *punttV",,white-anthill,
d4336,,,,
d4337,*pun-key,,bad (dry) land,
d4338,,,,
d4339,,,,
d4340,,,,
d4341,,,,
d4342,,,,
d4343,,,,
d4344,,,,
d4345,"*puy, *pū, **pūppV",,; (n.) flower; (v.i.) to blossom,
d4346,,,,
d4347,,,,
d4348,"*puc, *puy, *pū, *po-k-, *po-t-, **pūcVrV",,<i>Schleichera trijuga</i>; to make a hole; (n.) flower; (v.i.) to blossom; ,
d4349,,,,
d4350,,,,
d4351,,,,
d4352,,,,
d4353,*nakk-,,to lick,
d4354,,,,
d4355,,,,
d4356,,,,
d4357,,,,
d4358,,,,
d4359,,,,
d4360,,,,
d4361,"*pūṇ, *pūṇ-ṭṭ, *pūṇ- / *pūṇ-t-, **pūṇ",,"; to cause to put on, yoke; to put on, wear, be yoked",
d4362,,,,
d4363,,,,
d4364,,,,
d4365,,,,
d4366,,,,
d4367,*pur-/pūr-i-l,,peacock tail,
d4368,,,,
d4369,,,,
d4370,,,,
d4371,,,,
d4372,,,,
d4373,,,,
d4374,,,,
d4375,,,,
d4376,,,,
d4377,,,,
d4378,,,,
d4379,,,,
d4380,,,,
d4381,,,,
d4382,,,,
d4383,,,,
d4384,,,,
d4385,*peṇ-kk-,,tile,
d4386,,,,
d4387,,,,
d4388,*peṭṭi,,box,
d4389,,,,
d4390,,,,
d4391,,,,
d4392,,,,
d4393,,,,
d4394,,,,
d4395,"*peṇ, *peṇ-ṭṭ-i, *peṇ-(ḍ)li",,woman; marriage; female of an animal/bird,
d4396,,,,
d4397,,,,
d4398,,,,
d4399,,,,
d4400,,,,
d4401,,,,
d4402,,,,
d4403,,,,
d4404,,,,
d4405,,,,
d4406,,,,
d4407,"*poy- / *poy-t-, **poy-",,,
d4408,,,,
d4409,,,,
d4410,"*pin-cc-Vr, *pec-ar, **peyVncV-",,; name,
d4411,"*per-V-, *pēr, *per-V",,to grow big; big,
d4412,,,,
d4413,,,,
d4414,,,,
d4415,,,,
d4416,,,,
d4417,**perV,,,
d4418,*peẓ-an,,"bone, stone of fruit",
d4419,,,,
d4420,,,,
d4421,"*pēṯ-, *peṯ-V, *peṯ-uku",,curd; to curdle,
d4422,,,,
d4423,"*peṯ- / *peṯ-t-, **peṯV-",,,
d4424,,,,
d4425,,,,
d4426,,,,
d4427,,,,
d4428,,,,
d4429,,,,
d4430,"*pēc-, *pēẓ-, **pēẓVcV-",,"; to talk, prattle",
d4431,,,,
d4432,,,,
d4433,**pēcV-,,,
d4434,,,,
d4435,,,,
d4436,,,,
d4437,,,,
d4438,"*pēṇ, *pēy",,"devil, god",
d4439,,,,
d4440,,,,
d4441,*pēṇṭ-V,,cattle dung,
d4442,,,,
d4443,,,,
d4444,,,,
d4445,,,,
d4446,,,,
d4447,,,,
d4448,,,,
d4449,"*pēn, **pēn",,louse; ,
d4450,,,,
d4451,,,,
d4452,"*po-, **pottV-",,; to perforate,
d4454,"*pok-Vḷ-, **pokV",,; imperial pigeon,
d4455,,,,
d4456,,,,
d4457,,,,
d4458,,,,
d4459,,,,
d4460,*pok-kuẓ-V-,,navel,
d4461,,,,
d4462,,,,
d4463,**pokV,,,
d4464,,,,
d4465,,,,
d4466,,,,
d4467,,,,
d4468,,,,
d4469,"*po-nku, **pōkV-",,; to boil,
d4470,,,,
d4471,,,,
d4472,,,,
d4473,,,,
d4474,,,,
d4475,,,,
d4476,,,,
d4477,,,,
d4478,,,,
d4479,**poyVcV-,,,
d4480,,,,
d4481,,,,
d4482,,,,
d4483,,,,
d4484,,,,
d4485,,,,
d4486,,,,
d4487,,,,
d4488,,,,
d4489,,,,
d4490,,,,
d4491,*poṇṭṭ-,,"husk, chaff, skin",
d4492,,,,
d4493,*poṭṭ-,,,
d4494,"*poṭṭ-, *poṭ-V-, *poṭṭ-",,"; belly, stomach, pregnancy, intestines",
d4495,,,,
d4496,,,,
d4497,,,,
d4498,,,,
d4499,,,,
d4500,,,,
d4501,,,,
d4502,,,,
d4503,,,,
d4504,,,,
d4505,,,,
d4506,,,,
d4507,,,,
d4508,,,,
d4509,,,,
d4510,,,,
d4511,,,,
d4512,,,,
d4513,,,,
d4514,,,,
d4515,,,,
d4516,,,,
d4517,,,,
d4518,,,,
d4519,,,,
d4520,,,,
d4521,,,,
d4522,,,,
d4523,,,,
d4524,,,,
d4525,,,,
d4526,,,,
d4527,,,,
d4528,,,,
d4529,*puṭṭ-,,,
d4530,,,,
d4531,"*poc-, *poy-, *poy-nkk-, *poy-nkk-am",,to lie; falsehood,
d4532,,,,
d4533,,,,
d4534,,,,
d4535,*boy-Vl,,hemp/flax,
d4536,"*por-a-, *prō-",,to sell,
d4537,**porVccV,,,
d4538,,,,
d4539,,,,
d4540,"*pōr, *pōr-, *por-V-",,to fight; fight,
d4541,,,,
d4542,,,,
d4543,,,,
d4544,,,,
d4545,,,,
d4546,,,,
d4547,*pul-V-,,pollution,
d4548,,,,
d4549,,,,
d4550,,,,
d4551,,,,
d4552,,,,
d4553,,,,
d4554,,,,
d4555,,,,
d4556,,,,
d4557,,,,
d4558,,,,
d4559,"*ap-pōẓ, *pōẓ, *poẓ-u-tu",,"that time, then; sun",
d4560,,,,
d4561,,,,
d4562,,,,
d4563,,,,
d4564,,,,
d4565,,,,
d4566,,,,
d4567,,,,
d4568,,,,
d4569,*poṯ-Vl,,lungs,
d4570,"*pon, **pon",,; gold,
d4571,**polV-,,,
d4572,"*pō-, *pō-k-, *pō-kk-",,to send; to go,
d4573,,,,
d4574,,,,
d4575,,,,
d4576,,,,
d4577,,,,
d4578,,,,
d4579,,,,
d4580,,,,
d4581,,,,
d4582,,,,
d4583,,,,
d4584,,,,
d4585,,,,
d4586,*pō-ntt-,,male of an animal/bird,
d4587,,,,
d4588,,,,
d4589,,,,
d4590,,,,
d4591,,,,
d4592,,,,
d4593,,,,
d4594,,,,
d4595,,,,
d4596,,,,
d4597,,,,
d4598,,,,
d4599,,,,
d4600,,,,
d4601,,,,
d4602,,,,
d4603,,,,
d4604,,,,
d4605,,,,
d4606,,,,
d4607,,,,
d4608,,,,
d4609,,,,
d4610,,,,
d4611,,,,
d4612,,,,
d4613,,,,
d4614,,,,
d4615,,,,
d4616,"*mak-anṯu, *mak-aḷ",,"son, male; daughter",
d4617,,,,
d4618,,,,
d4619,,,,
d4620,,,,
d4621,,,,
d4622,,,,
d4623,,,,
d4624,,,,
d4625,,,,
d4626,,,,
d4627,"*mac-V-, *maẓ-V-",,"to delay, be dull",
d4628,,,,
d4629,,,,
d4630,,,,
d4631,,,,
d4632,*maccu,,,
d4633,,,,
d4634,,,,
d4635,,,,
d4636,,,,
d4637,,,,
d4638,,,,
d4639,*maṅci-k,,a grain of rice; seed in gen.,
d4640,,,,
d4641,*may-nt(t)-,,"fog, dew, mist",
d4642,"*may-Vr, *mañ(ñ)-il",,peacock,
d4643,,,,
d4644,,,,
d4645,,,,
d4646,,,,
d4647,,,,
d4648,,,,
d4649,,,,
d4650,,,,
d4651,,,,
d4652,,,,
d4653,,,,
d4654,*maṭi-vēl-,,washerman,
d4655,,,,
d4656,,,,
d4657,,,,
d4658,,,,
d4659,,,,
d4660,,,,
d4661,,,,
d4662,,,,
d4663,,,,
d4664,,,,
d4665,,,,
d4666,,,,
d4667,,,,
d4668,,,,
d4669,,,,
d4670,,,,
d4671,,,,
d4672,,,,
d4673,*maṇi-ka(ṇ)ṭṭu,,,
d4674,,,,
d4675,,,,
d4676,,,,
d4677,"*maṇṭ-, *maṇṭi",,,
d4678,,,,
d4679,*maṇṭ-,,(cooked) ?rice,
d4680,,,,
d4681,,,,
d4682,,,,
d4683,*maṇṭ-,,(cooked) ?rice,
d4684,,,,
d4685,,,,
d4686,,,,
d4687,**matV-,,,
d4688,*maṯ-Vku,,covered drain,
d4689,,,,
d4690,,,,
d4691,,,,
d4692,,,,
d4693,,,,
d4694,"*mat-al, *mat-uv-ay",,marriage,
d4695,,,,
d4696,,,,
d4697,,,,
d4698,,,,
d4699,,,,
d4700,*mant-ay,,"flock, heard",
d4701,,,,
d4702,,,,
d4703,,,,
d4704,,,,
d4705,,,,
d4706,"*maya-nk-, *maya-nkk-, *maya-nkk-am",,to be confused; to confuse; confusion,
d4707,,,,
d4708,,,,
d4709,,,,
d4710,,,,
d4711,"*mar-am, *mar-an, **marVnV",,; tree,
d4712,,,,
d4713,,,,
d4714,,,,
d4715,,,,
d4716,,,,
d4717,,,,
d4718,*mar-Vt-,,<i>Terminalia tomentosa</i>,
d4719,"*mar-untu, **marVntV",,; medicine,
d4720,**marVkV,,,
d4721,,,,
d4722,"**maṭV-, *meccu-",,,
d4723,,,,
d4724,,,,
d4725,,,,
d4726,,,,
d4727,,,,
d4728,,,,
d4729,,,,
d4730,,,,
d4731,,,,
d4732,,,,
d4733,,,,
d4734,,,,
d4735,,,,
d4736,,,,
d4737,,,,
d4738,,,,
d4739,,,,
d4740,,,,
d4741,,,,
d4742,,,,
d4743,,,,
d4744,,,,
d4745,,,,
d4746,,,,
d4747,**maṇVkV,,,
d4748,,,,
d4749,"*maẓ-V-, *mat-V, **maẓVcV",,; axe,
d4750,**maẓVkV,,,
d4751,,,,
d4752,,,,
d4753,*maẓ-ay,,rain,
d4754,,,,
d4755,,,,
d4756,*maẓc-a-,,husband,
d4757,,,,
d4758,,,,
d4759,,,,
d4760,*maṯ-V-,,"be hidden, to forget",
d4761,,,,
d4762,,,,
d4763,,,,
d4764,*maṯ-i(nṯu),,"male child, the young of an animal",
d4765,,,,
d4766,,,,
d4767,,,,
d4768,,,,
d4769,,,,
d4770,,,,
d4771,,,,
d4772,*mat-kāy,,mango,
d4773,,,,
d4774,,,,
d4775,,,,
d4776,*man-ay,,house,
d4777,,,,
d4778,"*man-, **man-",,"; to be, to live, stay; also copular verb",
d4779,,,,
d4780,"*mā, **mākkV",,"; animal, beast, deer",
d4781,**mākV,,,
d4782,*mā-m,,mango tree,
d4783,,,,
d4784,,,,
d4785,,,,
d4786,,,,
d4787,,,,
d4788,,,,
d4789,,,,
d4790,,,,
d4791,"*māy-tt-, *mā-cc-",,"man, husband",
d4792,,,,
d4793,*māc-un-,,python,
d4794,,,,
d4795,,,,
d4796,"*māṭ-V, *mēṭ-ay",,terraced house,
d4797,,,,
d4798,,,,
d4799,,,,
d4800,,,,
d4801,**mānṭV-,,,
d4802,,,,
d4803,,,,
d4804,,,,
d4805,,,,
d4806,,,,
d4807,,,,
d4808,,,,
d4809,,,,
d4810,,,,
d4811,,,,
d4812,,,,
d4813,*māma,,paternal (father's sister's husband)/maternal uncle,
d4814,,,,
d4815,,,,
d4816,,,,
d4817,,,,
d4818,,,,
d4819,,,,
d4820,,,,
d4821,,,,
d4822,,,,
d4823,,,,
d4824,,,,
d4825,,,,
d4826,,,,
d4827,,,,
d4828,,,,
d4829,,,,
d4830,,,,
d4831,,,,
d4832,,,,
d4833,,,,
d4834,"*māṯ-, *māṯṯ-",,"to be changed, altered; to change, alter",
d4835,,,,
d4836,,,,
d4837,**manVkV-,,,
d4838,,,,
d4839,,,,
d4840,,,,
d4841,"*mic-al, *miy-al",,"above, high",
d4842,,,,
d4843,,,,
d4844,,,,
d4845,,,,
d4846,,,,
d4847,,,,
d4848,,,,
d4849,,,,
d4850,,,,
d4851,,,,
d4852,,,,
d4853,,,,
d4854,,,,
d4855,,,,
d4856,,,,
d4857,,,,
d4858,,,,
d4859,,,,
d4860,,,,
d4861,,,,
d4862,*min(t)-,,black gram,
d4863,,,,
d4864,,,,
d4865,,,,
d4866,,,,
d4867,*miḷ-Vku,,black pepper,
d4868,,,,
d4869,,,,
d4870,**miḷVkkV-,,,
d4871,,,,
d4872,,,,
d4873,,,,
d4874,,,,
d4875,,,,
d4876,"*miHn, *min-, **minṭVkkV",,"; to shine, twinkle; star",
d4877,**minVkkV-,,,
d4878,**mīncV-,,,
d4879,,,,
d4880,,,,
d4881,,,,
d4882,,,,
d4883,,,,
d4884,,,,
d4885,*mīn,,fish,
d4886,,,,
d4887,,,,
d4888,,,,
d4889,,,,
d4890,,,,
d4891,,,,
d4892,*muy-il,,cloud,
d4893,,,,
d4894,,,,
d4895,,,,
d4896(a),,,,
d4897,,,,
d4898,,,,
d4899,,,,
d4900,*mūnk-ūc,,mongoose,
d4901,,,,
d4902,*moc-Vr,,buttermilk,
d4903,,,,
d4904,,,,
d4905,,,,
d4906,,,,
d4907,,,,
d4908,,,,
d4909,,,,
d4910,*muy-cc-,,baboon,
d4911,,,,
d4912,,,,
d4913,,,,
d4914,,,,
d4915,"*mucc-, *muc-V-, *mucc-/ *mucc-i-",,to cover; ,
d4916,,,,
d4917,,,,
d4918,,,,
d4919,,,,
d4920,,,,
d4921,,,,
d4922,,,,
d4923,,,,
d4924,,,,
d4925,,,,
d4926,,,,
d4927,,,,
d4928,,,,
d4929,,,,
d4930,,,,
d4931,,,,
d4932,,,,
d4933,,,,
d4934,,,,
d4935,,,,
d4936,,,,
d4937,,,,
d4938,,,,
d4939,,,,
d4940,,,,
d4941,,,,
d4942,,,,
d4943,,,,
d4944,,,,
d4945,,,,
d4946,,,,
d4947,,,,
d4948,,,,
d4949,,,,
d4950,,,,
d4951,,,,
d4952,*mōc-/moc-V-ḷ,,crocodile,
d4953,,,,
d4954,"*mutt-, *mut-V, *mut-tāta",,"old, ancient; great grand father",
d4955,,,,
d4956,,,,
d4957,,,,
d4958,,,,
d4959,*muttV,,pearl,
d4960,,,,
d4961,,,,
d4962,,,,
d4963,,,,
d4964,,,,
d4965,,,,
d4966,,,,
d4967,,,,
d4968,"*muc-Vl, *moy-al",,hare,
d4969,,,,
d4970,,,,
d4971,,,,
d4972,,,,
d4973,,,,
d4974,,,,
d4975,,,,
d4976,,,,
d4977,,,,
d4978,,,,
d4979,,,,
d4980,,,,
d4981,,,,
d4982,,,,
d4983,,,,
d4984,,,,
d4985,*mul-ay,,"breast, teat",
d4986,,,,
d4987,,,,
d4988,,,,
d4989,*moẓ-V-,,to speak,
d4990,"*moẓ-V-, *moẓ-am kāl, *moẓ-am-kay",,joint; knee/elbow joint,
d4991,,,,
d4992,,,,
d4993,"*muẓ-u-nk, *muẓ-u-nkk",,to drown; to sink,
d4994,,,,
d4995,,,,
d4996,,,,
d4997,,,,
d4998,,,,
d4999,,,,
d5000,,,,
d5001,,,,
d5002,,,,
d5003,,,,
d5004,,,,
d5005,,,,
d5006,,,,
d5007,,,,
d5008,,,,
d5009,,,,
d5010,,,,
d5011,,,,
d5012,,,,
d5013,,,,
d5014,,,,
d5015,,,,
d5016,,,,
d5017,,,,
d5018,,,,
d5019,,,,
d5020,"*mun, *mun-nay, *mun-nāḷ",,"prior, before, front; day before yesterday",
d5021,*mun-ay,,war-front,
d5022,,,,
d5023,,,,
d5024,"*mū-nk(k)u, *mū-nc-",,nose,
d5025,,,,
d5026,,,,
d5027,,,,
d5028,,,,
d5029,,,,
d5030,,,,
d5031,,,,
d5032,*mit-Vẓ,,"brain, the physical part",
d5033,,,,
d5034,,,,
d5035,,,,
d5036,,,,
d5037,*mūṭṭ-ay,,bundle,
d5038,,,,
d5039,,,,
d5040,,,,
d5041,,,,
d5042,,,,
d5043,,,,
d5044,,,,
d5045,,,,
d5046,,,,
d5047,,,,
d5048,,,,
d5049,,,,
d5050,,,,
d5051,*mūḷ-V-,,bone marrow,
d5052,"*muH-, *mū-, *mū-nṯu",,three,
d5053,,,,
d5054,,,,
d5055,,,,
d5056,,,,
d5057,,,,
d5058,,,,
d5059,,,,
d5060,,,,
d5061,,,,
d5062,,,,
d5063,,,,
d5064,,,,
d5065,,,,
d5066,,,,
d5067,,,,
d5068,,,,
d5069,,,,
d5070,,,,
d5071,,,,
d5072,*mentt-i,,fenugreek,
d5073,,,,
d5074,,,,
d5075,,,,
d5076,,,,
d5077,,,,
d5078,*mel-k-,,to become soft,
d5079,,,,
d5080,,,,
d5081,,,,
d5082,*meẓ-V-,,to plaster,
d5083,,,,
d5084,,,,
d5085,,,,
d5086,"*mē-, *mē-l, *mēl, *mēṯ-kk-",,"above, high; the high place, west",
d5087,*mē-nkkV,,goat,
d5088,,,,
d5089,,,,
d5090,,,,
d5091,,,,
d5092,,,,
d5093,*mēy,,to graze,
d5094,,,,
d5095,,,,
d5096,,,,
d5097,*mēẓi,,plough handle,
d5098,,,,
d5099,"*may-(mt)-, *mē-nd-",,body,
d5100,,,,
d5101,,,,
d5102,,,,
d5103,,,,
d5104,,,,
d5105,,,,
d5106,,,,
d5107,,,,
d5108,,,,
d5109,,,,
d5110,,,,
d5111,,,,
d5112,,,,
d5113,,,,
d5114,,,,
d5115,,,,
d5116,,,,
d5117,,,,
d5118,,,,
d5119,,,,
d5120,,,,
d5121,,,,
d5122,,,,
d5123,,,,
d5124,,,,
d5125,,,,
d5126,,,,
d5127,,,,
d5128,,,,
d5129,,,,
d5130,,,,
d5131,,,,
d5132,,,,
d5133,,,,
d5134,,,,
d5135,,,,
d5136,,,,
d5137,,,,
d5138,,,,
d5139,,,,
d5140,,,,
d5141,,,,
d5142,,,,
d5143,,,,
d5144,,,,
d5145,,,,
d5146,,,,
d5147,,,,
d5148,,,,
d5149,,,,
d5150,,,,
d5151,"*yAH, *yĀH, *yĀ, *yĀ-v-anṯ-, *yĀ-v-aṯ",,"which (interrogative root); who, what",
d5152,*yĀṭu,,"goat, sheep",
d5153,*yĀṇṭ-u,,year,
d5154,"*yĀm, *yAm-",,we (1pl.excl),
d5155,"*yĀm-ay, *cām-p-, *yĀmp",,tortoise,
d5156,,,,
d5157,*yĀḷ,,to rule,
d5158,,,,
d5159,*yĀṯu,,"river, stream",
d5160,"*yĀn, *yAn-",,I (1sg),
d5161,*yĀn-ay,,elephant,
d5162,,,,
d5163,,,,
d5164,,,,
d5165,,,,
d5166,,,,
d5167,,,,
d5168,,,,
d5169,,,,
d5170,,,,
d5171,,,,
d5172,,,,
d5173,,,,
d5174,,,,
d5175,,,,
d5176,,,,
d5177,,,,
d5178,,,,
d5179,,,,
d5180,,,,
d5181,,,,
d5182,,,,
d5183,,,,
d5184,,,,
d5185,,,,
d5186,,,,
d5187,,,,
d5188,,,,
d5189,,,,
d5190,,,,
d5191,,,,
d5192,,,,
d5193,,,,
d5194,,,,
d5195,,,,
d5196,,,,
d5197,,,,
d5198,,,,
d5199,,,,
d5200,,,,
d5201,,,,
d5202,,,,
d5203,,,,
d5204,,,,
d5205,*vak-ay,,to deliberate,
d5206,,,,
d5207,,,,
d5208,,,,
d5209,,,,
d5210,,,,
d5211,,,,
d5212,,,,
d5213,,,,
d5214,,,,
d5215,,,,
d5216,,,,
d5217,,,,
d5218,*vaṭ-a-kku,,north,
d5219,,,,
d5220,,,,
d5221,,,,
d5222,,,,
d5223,,,,
d5224,,,,
d5225,,,,
d5226,,,,
d5227,,,,
d5228,,,,
d5229,,,,
d5230,,,,
d5231,,,,
d5232,,,,
d5233,,,,
d5234,,,,
d5235,,,,
d5236,,,,
d5237,,,,
d5238,,,,
d5239,,,,
d5240,,,,
d5241,,,,
d5242,,,,
d5243,,,,
d5244,,,,
d5245,,,,
d5246,,,,
d5247,,,,
d5248,,,,
d5249,,,,
d5250,,,,
d5251,,,,
d5252,,,,
d5253,,,,
d5254,,,,
d5255,,,,
d5256,,,,
d5257,,,,
d5258,"*vāy-, *vay-V-",,"open space, paddy field",
d5259,"*vac-Vṯ, *vac-V-(kk), *vas-Vr-, *vas-nc-",,"stomach, foetus",
d5260,,,,
d5261,,,,
d5262,,,,
d5263,*var-V-,,"scratch, draw lines",
d5264,,,,
d5265,"*ār-ak-, *ar-ak-, *var-iñci",,millet; rice,
d5266,,,,
d5267,,,,
d5268,,,,
d5269,,,,
d5270,"*vaH-, *vaH-r, **varV-",,; to come,
d5271,,,,
d5272,,,,
d5273,,,,
d5274,,,,
d5275,,,,
d5276,"*val, *val-a kay",,strong; right hand,
d5277,**valV,,,
d5278,,,,
d5279,,,,
d5280,,,,
d5281,,,,
d5282,,,,
d5283,,,,
d5284,,,,
d5285,,,,
d5286,,,,
d5287,,,,
d5288,,,,
d5289,,,,
d5290,,,,
d5291,,,,
d5292,,,,
d5293,,,,
d5294,,,,
d5295,,,,
d5296,,,,
d5297,,,,
d5298,,,,
d5299,,,,
d5300,,,,
d5301,*vaẓ-V-t,,brinjal,
d5302,,,,
d5303,,,,
d5304,,,,
d5305,,,,
d5306,,,,
d5307,,,,
d5308,,,,
d5309,,,,
d5310,,,,
d5311,,,,
d5312,*vaḷi,,wind,
d5313,,,,
d5314,,,,
d5315,,,,
d5316,,,,
d5317,,,,
d5318,,,,
d5319,,,,
d5320,"*vaṯ-, *vaṯṯ-, *vaṯ-V-, *vaṯṯ- / *vaṯṯ-i-",,; to dry up,
d5321,,,,
d5322,,,,
d5323,,,,
d5324,,,,
d5325,*vaṯ-V-,,"cook, fry",
d5326,,,,
d5327,"*vān, *van-V-",,"to fashion, form as a pot",
d5328,,,,
d5329,,,,
d5330,,,,
d5331,,,,
d5332,,,,
d5333,,,,
d5334,,,,
d5335,,,,
d5336,,,,
d5337,,,,
d5338,,,,
d5339,,,,
d5340,*viṭ-u,,to leave,
d5341,,,,
d5342,,,,
d5343,**vāṭV-,,,
d5344,,,,
d5345,,,,
d5346,,,,
d5347,*val-ant-,,,
d5348,,,,
d5349,,,,
d5350,,,,
d5351,,,,
d5352,"*vāy, *īk-, **vāy",,"; to husk; mouth (edge, beak, mouth of vessel, aperture, blade of sword)",
d5353,,,,
d5354,,,,
d5355,,,,
d5356,,,,
d5357,**vārVkV-,,,
d5358,,,,
d5359,,,,
d5360,,,,
d5361,,,,
d5362,**vārV-,,,
d5363,**vārVkV-,,,
d5364,,,,
d5365,,,,
d5366,,,,
d5367,,,,
d5368,,,,
d5369,,,,
d5370,,,,
d5371,,,,
d5372,*vāẓ,,to flourish,
d5373,*vāẓ-ay,,banana,
d5374,,,,
d5375,,,,
d5376,*vāḷ,,sword,
d5377,,,,
d5378,,,,
d5379,,,,
d5380,,,,
d5381,*vān-am,,sky,
d5383,"*vekk-, *vek-V-, *veqq- / *veqq-i-, **vekkV-",,; to hiccup; a hiccup,
d5384,,,,
d5385,,,,
d5386,,,,
d5387,,,,
d5388,,,,
d5389,,,,
d5390,,,,
d5391,,,,
d5392,,,,
d5393,"*vīṭu, **viṭVccV-",,; abode,
d5394,,,,
d5395,,,,
d5396,,,,
d5397,,,,
d5398,,,,
d5399,*vāy-cc-i,,sword,
d5400,**vitVr-,,,
d5400A,,,,
d5401,*vitt-V,,seed; to sow,
d5402,,,,
d5403,,,,
d5404,"*vēy-i, *vey-am",,extensiveness; 1000,
d5405,,,,
d5406,,,,
d5407,**virVkV-,,,
d5408,,,,
d5409,"*vir-al, *vir-and, *vir-anj, *viriñc-",,finger,
d5410,,,,
d5410A,,,,
d5411,"*viri-nk-, *viri-nkk-, **viri-",,"; to open, crack; to open, split",
d5412,,,,
d5413,,,,
d5414,,,,
d5415,,,,
d5416,,,,
d5417,,,,
d5418,,,,
d5419,,,,
d5420,,,,
d5421,"*vil-, *vil-ay",,to sell; price,
d5422,*vil,,bow,
d5423,,,,
d5424,,,,
d5425,,,,
d5426,,,,
d5427,,,,
d5428,,,,
d5429,,,,
d5430,"*vīẓ-, *viẓ-V-",,to fall,
d5431,,,,
d5432,**veḷ-,,,
d5433,,,,
d5434,,,,
d5435,,,,
d5436,,,,
d5437,,,,
d5438,,,,
d5439,,,,
d5440,,,,
d5441,,,,
d5442,,,,
d5443,,,,
d5444,,,,
d5445,,,,
d5446,,,,
d5447,,,,
d5448,,,,
d5449,,,,
d5450,,,,
d5451,,,,
d5452,,,,
d5453,,,,
d5454,,,,
d5455,,,,
d5456,,,,
d5457,,,,
d5458,,,,
d5459,**vīẓVcV-,,,
d5460,,,,
d5461,,,,
d5462,,,,
d5463,,,,
d5464,,,,
d5465,,,,
d5466,,,,
d5467,,,,
d5468,,,,
d5469,,,,
d5470,,,,
d5471,,,,
d5472,,,,
d5473,,,,
d5474,,,,
d5475,,,,
d5476,,,,
d5477,,,,
d5478,,,,
d5479,,,,
d5480,,,,
d5481,,,,
d5482,,,,
d5483,"*vet-V-, **vetV-",,; to search; to marry (ND),
d5484,**vitVkV-,,,
d5485,,,,
d5486,,,,
d5487,,,,
d5488,,,,
d5489,,,,
d5490,"*veruku, **verVkV",,; cat,
d5491,,,,
d5492,,,,
d5493,,,,
d5494,,,,
d5495,,,,
d5496,"*veṇ-ṇey, *veḷ, *veṇ, *veḷḷ-ay, *veḷḷ-uppu, **veḷ-",,; whiteness; white; butter (lit. white oil),
d5497,,,,
d5498,,,,
d5499,,,,
d5500,,,,
d5501,,,,
d5502,,,,
d5503,,,,
d5504,,,,
d5505,,,,
d5506,,,,
d5507,,,,
d5508,,,,
d5509,*veḷ-V-,,wood-apple,
d5510,,,,
d5511,,,,
d5512,**veṭVkkV-,,,
d5513,,,,
d5514,,,,
d5515,,,,
d5516,"**venV-, **venV-",,,
d5517,"*vec-, *vey-, **vey-",,"; roast, fry, heat",
d5518,,,,
d5519,,,,
d5520,,,,
d5521,,,,
d5522,,,,
d5523,,,,
d5524,,,,
d5525,,,,
d5526,,,,
d5527,*vēṇ-ṭta,,hunting,
d5528,"*vēṇṭ-V, *vēḷ",,to desire; to want,
d5529,*vēnt-anṯu,,king,
d5530,,,,
d5531,*vē-mpu,,neem tree,
d5532,"*vēy, **vēy-, **vēy-",,; to thatch,
d5533,,,,
d5534,,,,
d5535,*vēr,,root,
d5536,,,,
d5537,,,,
d5538,,,,
d5539,,,,
d5540,,,,
d5541,,,,
d5542,,,,
d5543,,,,
d5544,,,,
d5545,"**vēḷ, **vēḷ",,,
d5546,,,,
d5547,,,,
d5548,,,,
d5549,,,,
d5550,,,,
d5551,**vayVccV-,,,
d5552,,,,
d5553,,,,
d5554,**viyVcV-,,,
d5555,,,,
d5556,,,,
d5557,,,,
da1,,,,
da2,,,,
da3,,,,
da4,,,,
da5,,,,
da6,,,,
da7,,,,
da8,,,,
da9,,,,
da10,,,,
da11,,,,
da12,,,,
da13,,,,
da14,,,,
da15,,,,
da16,,,,
da17,,,,
da18,,,,
da19,,,,
da20,,,,
da21,,,,
da22,,,,
da23,,,,
da24,,,,
da25,,,,
da26,,,,
da27,,,,
da28,,,,
da29,,,,
da30,,,,
da31,,,,
da32,,,,
da33,,,,
da34,,,,
da35,,,,
da36,,,,
da37,,,,
da38,,,,
da39,,,,
da40,,,,
da41,,,,
da42,,,,
da43,,,,
da44,,,,
da45,,,,
da46,,,,
da47,,,,
da48,,,,
da49,,,,
da50,,,,
da51,,,,
da52,,,,
da53,,,,
da54,,,,
da55,,,,
da56,,,,
da57,,,,
da58,,,,
da59,,,,
da60,,,,
da61,,,,
