PMu,m1,*daˀk,water,,,,rau
go,m1,ɖaʔ,water,,,,FR
so,m1,da:ʔ,water,,,,RSED[p70]
re,m1,dak',water,,,,BDBH[1179]
gu,m1,ɖaʔ,water,,,,ZG63[85]
kh,m1,ɖaʔ,water,,,,PKED[p41]
ju,m1,ɖag,water,,,,PJDW[p185]
gt,m1,ndiaʔ,water,,,,PGEG[p36]
sa,m1,dak',water,,,,CDES[p217]
mu,m1,da:,water,,,,BMED[p31]
ho,m1,daʔ,water,,,,DHED[p73]
kw,m1,da:ʔ,water,,,,BAHL[p87]
ko,m1,ɖa,water,,,,NKEV[p300]
PMu,m2,*ɟaŋ,bone,,,,rau
go,m2,za̰ŋ,bone,,,,FR
so,m2,əɟa:ŋ,bone,,,,RSED[p6]
re,m2,siʔsaŋ,bone,,,,BDBH[2614]
gu,m2,sisaŋ,bone,,,,AG08[p651]
kh,m2,jaŋ,bone,,,,PKED[p83]
ju,m2,ɟaŋ,bone,,,,PJDW[p210]
gt,m2,ncia,bone,,,,PGEG[p36]
sa,m2,jaŋ,bone,,,,CDES[p19]
mu,m2,ja:ŋ,bone,,,,BMED[p80]
ho,m2,jaŋ,bone,,,,HOGV[p150]
kw,m2,ja:ŋ,bone,,,,BAHL[p60]
PMu,m3,*laŋ,tongue,,,,rau
go,m3,laŋ,tongue,,,,FR
so,m3,əla:ŋ,tongue,,,,RSED[p7]
re,m3,leaŋ,tongue,,,,BDBH[2423]
gu,m3,laʔŋ,tongue,,,,AG08[p638]
kh,m3,laŋ,tongue,,,,PKED[p173]
ju,m3,elaŋ,tongue,,,,PJDW[p191]
gt,m3,nlia,tongue,,,,PGEG[p36]
sa,m3,alaŋ,tongue,,,,CDES[p203]
mu,m3,a:la:ŋ,tongue,,,,BMED[p5]
ho,m3,(leʔ),tongue,,,,DHED[p208]
kw,m3,a:la:ŋ,tongue,,,,BAHL[p11]
ko,m3,laŋ,tongue,,,,NKEV[p322]
PMu,m4,*kᵊla,tiger,,,,rau
go,m4,kulaʔ,tiger,,,,FR
so,m4,ˈkina:,tiger,,,,RSED[p140]
re,m4,ŋku,tiger,,,,MVOL[p733]
gu,m4,gikil,tiger,,,,AG08[p651]
kh,m4,kiɽoʔ,tiger,,,,PKED[p102]
ju,m4,kiɭog,tiger,,,,PJDW[p224]
gt,m4,nku,tiger,,,,PGEG[p36]
sa,m4,kul,tiger,,,,CDES[p201]
mu,m4,kula:,tiger,,,,BMED[p98]
ho,m4,kula,tiger,,,,HOGV[p183]
kw,m4,ku:l,tiger,,,,BAHL[p33]
ko,m4,kula,tiger,,,,NKEV[p319]
PMu,m5,*taɲ,weave (v),,,,rau
go,m5,taɲ,weave (v),,,,FR
so,m5,taɲ,weave (v),,,,RSED[p281]
re,m5,taNy,weave (v),,,,BDBH[1358]
gu,m5,taɲ,weave (v),,,,GZ65[369]
kh,m5,taɲ,weave (v),,,,PKED[p196]
gt,m5,tæ,weave (v),,,,PGEG[p45]
sa,m5,teɲ,weave (v),,,,CDES[p219]
mu,m5,teŋ,weave (v),,,,BMED[p183]
ho,m5,teɲ,weave (v),,,,HOGV[p187]
PMu,m6,*daˀc,climb (v),,,,rau
go,m6,ɖaˀɟ,climb (v),,,,FR
so,m6,daɟ,climb (v),,,,RSED[p72]
re,m6,ɖaĭ,climb (v),,,,BDBH[1168]
gu,m6,ɖaj,climb (v),,,,GZ65[79]
ju,m6,ɖaɲ,climb (v),,,,PJDW[p186]
gt,m6,ɖæʔ,climb (v),,,,PGEG[p16]
sa,m6,de̠c',climb (v),,,,CDES[p32]
mu,m6,dej',climb (v),,,,BMED[p40]
ho,m6,deʔ,climb (v),,,,DHED[p81]
kw,m6,deʔ,climb (v),,,,BAHL[p89]
ko,m6,(cuɖe),climb (v),,,,NKEV[p298]
PMu,m7,*dəraŋ,horn,,,,rau
go,m7,ɖeraŋ,horn,,,,FR
so,m7,ˈdeˑraŋ,horn,,,,RSED[p78]
re,m7,deruŋ,horn,,,,BDBH[1266]
kh,m7,ɖereŋ,horn,,,,PKED[p44]
gt,m7,ɖiraŋ,horn,,,,PGEG[p17]
sa,m7,dereɲ,horn,,,,CDSE[p171]
mu,m7,diriŋ,horn,,,,BMED[p49]
ho,m7,diriɲ,horn,,,,HOGV[p162]
kw,m7,dereŋ,horn,,,,BAHL[p89]
PMu,m8,*tiiˀ,hand,,,,rau
go,m8,siʔ,hand,,,,FR
so,m8,si:ʔ,hand,,,,RSED[p254]
re,m8,titi,hand,,,,BDBH[1370]
gu,m8,titi,hand,,,,GZ65[p29]
kh,m8,tiʔ,hand,,,,PKED[p199]
ju,m8,iti,hand,,,,PJDW[p208]
gt,m8,nti,hand,,,,PGEG[p37]
sa,m8,ti,hand,,,,CDES[p89]
mu,m8,ti,hand,,,,BMED[p186]
ho,m8,ti:,hand,,,,DHED[p350]
kw,m8,tiʔi:,hand,,,,BAHL[p63]
ko,m8,ʈi,hand,,,,NKEV[p343]
PMu,m9,*siiˀ,louse,,,,rau
go,m9,(aŋiˀd),louse,,,,FR
so,m9,iʔi,louse,,,,RSED[p109]
re,m9,gisi,louse,,,,BDBH[855]
gu,m9,gisi,louse,,,,AG08[p651]
kh,m9,seʔ,louse,,,,PKED[p258]
ju,m9,ɛsɛ,louse,,,,PJDW[p192]
gt,m9,gsi,louse,,,,PGEG[p23]
sa,m9,se,louse,,,,CDES[p116]
mu,m9,siku,louse,,,,BMED[p173]
ho,m9,siku,louse,,,,HOGV[p165]
kw,m9,guhi:,louse,,,,BAHL[p45]
ko,m9,siku,louse,,,,NKEV[p338]
PMu,m10,*ɟv₇ŋ,foot,,,,rau
go,m10,zḭŋ,foot,,,,FR
so,m10,ɟe:ˀŋ,foot,,,,RSED[p123]
re,m10,suŋ,foot,,,,BDBH[1363]
gu,m10,suŋ,foot,,,,GZ63[205]
kh,m10,juŋ,foot,,,,PKED[p66]
ju,m10,iɟiŋ,foot,,,,PJDW[p208]
gt,m10,nco,foot,,,,PGEG[p114]
sa,m10,jaŋga,foot,,,,CDES[p76]
mu,m10,jaŋga,foot,,,,HLKS[182]
ko,m10,(naŋga),foot,,,,NKEV[p327]
PMu,m11,*bok₂oˀp,head,,,,rau
go,m11,baˀb,head,,,,FR
so,m11,bo:ˀb,head,,,,RSED[p60]
re,m11,bob,head,,,,BDBH[2007]
gu,m11,bob,head,,,,GZ63[50]
kh,m11,bokoˀb,head,,,,PKED[p24]
ju,m11,bokob,head,,,,PJDW[p169]
gt,m11,bhaʔ,head,,,,PGEG[p13]
sa,m11,bo̠ho̠k',head,,,,CDES[p90]
mu,m11,bo,head,,,,BMED[p24]
ho,m11,bo:ʔ,head,,,,DHED[p40]
kw,m11,boʔ,head,,,,BAHL[p113]
PMu,m12,*məˀt,eye,,,,rau
go,m12,maˀd,eye,,,,FR
so,m12,mo:ˀd/mad,eye,,,,RSED[p168]
re,m12,moʔ,eye,,,,BDBH[220]
gu,m12,moʔ,eye,,,,AG08[p642]
kh,m12,moˀɖ,eye,,,,PKED[p195]
ju,m12,ɛmɔɖ,eye,,,,PJDW[p191]
gt,m12,muaʔ,eye,,,,PGEG[p34]
sa,m12,mẽ̠t',eye,,,,CDES[p67]
mu,m12,med',eye,,,,BMED[p117]
ho,m12,meɖ,eye,,,,DHED[p228]
kw,m12,meɖ,eye,,,,BAHL[p120]
ko,m12,med,eye,,,,ZKPM[p48]
PMu,m13,*gəˀt,cut (v),,,,rau
go,m13,gaˀd,cut (v),,,,FR
so,m13,gad,cut (v),,,,RSED[p93]
re,m13,goʔ,cut (v),,,,BDBH[1018]
gu,m13,goɖ,cut (v),,,,JV
kh,m13,gaˀɖ,cut (v),,,,PKED[p60]
gt,m13,gwaʔ,cut (v),,,,PGEG[p21]
sa,m13,ge̠t',cut (v),,,,CDES[p44]
mu,m13,ged',cut (v),,,,EMV5[1411]
ho,m13,geɖ,cut (v),,,,DHED[p111]
kw,m13,geɖ,cut (v),,,,BAHL[p46]
ko,m13,geʈ,cut (v),,,,NKEV[p306]
PMu,m14,*v₉laŋ/ᵊlaŋ,thatch,,,,rau
go,m14,alaŋ,thatch,,,,FR
so,m14,əlaŋ,thatch,,,,RSED[p158]
re,m14,lɔŋ,thatch,,,,BDBH[2437]
gu,m14,uloŋ,thatch,,,,AG08[p644]
kh,m14,oloŋ,thatch,,,,PKED[p214]
ju,m14,oloŋ,thatch,,,,PJDW[p254]
gt,m14,nlo,thatch,,,,PGEG[p36]
PMu,m15,*ɟv₁₀m,eat (v),,,,rau
go,m15,zum,eat (v),,,,FR
so,m15,ɟom,eat (v),,,,RSED[p128]
re,m15,sum,eat (v),,,,BDBH[2667]
gu,m15,som,eat (v),,,,GZ63[212]
kh,m15,jom,eat (v),,,,HLKS[K274]
ju,m15,ɟim,eat (v),,,,PJDW[p212]
gt,m15,coŋ,eat (v),,,,PGEG[p15]
sa,m15,jo̠m,eat (v),,,,CDES[p60]
mu,m15,jom,eat (v),,,,BMED[p84]
ho,m15,jom,eat (v),,,,HOGV[p156]
kw,m15,jom,eat (v),,,,BAHL[p63]
ko,m15,jom,eat (v),,,,NKEV[p313]
PMu,m16,*bul,drunk,,,,rau
go,m16,bṵl,drunk,,,,FR
so,m16,buʔul,drunk,,,,soratxt[18922]
re,m16,bu,drunk,,,,BDBH[1900]
gu,m16,bil,drunk,,,,AG08[p672]
kh,m16,bul,drunk,,,,PKED[p39]
ju,m16,buli,drunk,,,,PJDW[p174]
gt,m16,busaʔ,drunk,,,,PGEG[p13]
sa,m16,bul,drunk,,,,CDES[p58]
mu,m16,bul,drunk,,,,BMED[p25]
ho,m16,bul,drunk,,,,HOGV[p155]
kw,m16,bubul,drunk,,,,BAHL[p108]
ko,m16,bubul,drunk,,,,NKEV[p70]
PMu,m17,*buluuˀ,thigh,,,,rau
go,m17,bulu,thigh,,,,FR
so,m17,bulu:,thigh,,,,RSED[p64]
re,m17,buli/bili,thigh,,,,BDBH[1949/1890]
gu,m17,bili,thigh,,,,DSGU[2681]
kh,m17,bhulu,thigh,,,,PKED[p32]
ju,m17,bulu,thigh,,,,PJDW[p174]
gt,m17,bulu,thigh,,,,PGEG[p13]
sa,m17,bulu,thigh,,,,CDES[p199]
mu,m17,bulu,thigh,,,,BMED[p25]
ho,m17,bulu,thigh,,,,HOGV[p183]
kw,m17,bu:l,thigh,,,,BAHL[p109]
ko,m17,bulu,thigh,,,,NKEV[p295]
PMu,m18,*bv₁₃lv₁₁,ripe,,,,rau
re,m18,bulu,ripe,,,,BDBH[1591]
gu,m18,bulu,ripe,,,,AG08[p644]
kh,m18,belom,ripe,,,,PKED[p19]
ju,m18,bilim,ripe,,,,PJDW[p167]
gt,m18,ble,ripe,,,,PGEG[p13]
sa,m18,bele,ripe,,,,CDES[p161]
mu,m18,bili,ripe,,,,BMED[p23]
ho,m18,bili,ripe,,,,HOGV[p156]
kw,m18,bhi:li:,ripe,,,,BAHL[p115]
ko,m18,bili,ripe,,,,NKEV[p293]
PMu,m19,*bv₁₄rəl,raw,,,,rau
re,m19,buro,raw,,,,BDBH[1937]
gu,m19,burol,raw,,,,GZ65[74]
kh,m19,borol,raw,,,,PKED[p25]
ju,m19,boron,raw,,,,PJDW[p171]
gt,m19,brwa,raw,,,,PGEG[p14]
sa,m19,be̠re̠l,raw,,,,CDES[p211]
mu,m19,berel,raw,,,,BMED[p21]
ho,m19,berel,raw,,,,HOGV[p185]
kw,m19,berel,raw,,,,BAHL[p111]
ko,m19,boboɽ,raw,,,,NKEV[p294]
PMu,m20,*səreŋ,stone,,,,rau
go,m20,areŋ,stone,,,,FR
so,m20,areŋ,stone,,,,RSED[p39]
kh,m20,soreŋ,stone,,,,PKED[p187]
mu,m20,sereŋ,stone,,,,BMED[p172]
ho,m20,sereɲ,stone,,,,HOGV[p175]
PMu,m21,*sv₁₄ŋəl/*sᵊŋəl,fuel,,,,rau
go,m21,aŋal,fuel,,,,FR
so,m21,aŋəl,fuel,,,,RSED[p37]
re,m21,suŋo,fuel,,,,BDBH[2638]
gu,m21,suŋol,fuel,,,,JV
kh,m21,soŋgol,fuel,,,,PKED[p186]
ju,m21,sɛŋon,fuel,,,,PJDW[p276]
gt,m21,sua,fuel,,,,PGEG[p43]
sa,m21,se̠ŋge̠l,fuel,,,,CDES[p73]
mu,m21,seŋgel,fuel,,,,BMED[p172]
ho,m21,seŋgel,fuel,,,,HOGV[p158]
kw,m21,seNgel,fuel,,,,BAHL[p137]
PMu,m22,*bel,spread (vt),,,,rau
go,m22,bil,spread (vt),,,,FR
so,m22,bel/bɪ:l,spread (vt),,,,RSED[p56/58]
re,m22,be-sak',spread (vt),,,,BDBH[1982]
gu,m22,be-saʔ,spread (vt),,,,JV
kh,m22,bel,spread (vt),,,,PKED[p18]
ju,m22,bɛn,spread (vt),,,,PJDW[p166]
gt,m22,beʔ,spread (vt),,,,PGEG[p11]
sa,m22,bel,spread (vt),,,,CDES[p184]
mu,m22,bil,spread (vt),,,,BMED[p24]
ho,m22,bil,spread (vt),,,,HOGV[p179]
kw,m22,bel,spread (vt),,,,BAHL[p111]
ko,m22,(bi)bil,spread (vt),,,,NKEV[p293]
PMu,m23,*bal,burn (v),,,,rau
go,m23,bal,burn (v),,,,FR
so,m23,ba:l,burn (v),,,,RSED[p49]
gu,m23,bal,burn (v),,,,GZ65[43]
gt,m23,ba,burn (v),,,,PGEG[p9]
sa,m23,bal,burn (v),,,,BSD1[p184]
mu,m23,bal,burn (v),,,,BMED[p18]
ho,m23,bal,burn (v),,,,HOGV[p151]
kw,m23,ba:l,burn (v),,,,BAHL[p105]
ko,m23,ba:l,burn (v),,,,NKEV[p292]
PMu,m24,*tol,tie (v),,,,rau
go,m24,tol,tie (v),,,,FR
so,m24,tol,tie (v),,,,RSED[p292]
re,m24,tu,tie (v),,,,BDBH[1398]
gu,m24,tol,tie (v),,,,AG08[647]
kh,m24,tol,tie (v),,,,PKED[p288]
ju,m24,tor,tie (v),,,,PJDW[p287]
gt,m24,tu,tie (v),,,,PGEG[p46]
sa,m24,to̠l,tie (v),,,,CDES[p201]
mu,m24,tol,tie (v),,,,BMED[p186]
ho,m24,tol,tie (v),,,,HOGV[p183]
kw,m24,tol,tie (v),,,,BAHL[p84]
ko,m24,ʈol,tie (v),,,,NKEV[p343]
PMu,m25,*riˀt,grind (v),,,,rau
go,m25,riˀd,grind (v),,,,FR
so,m25,rid,grind (v),,,,RSED[p233]
re,m25,riʔ,grind (v),,,,BDBH[2276]
gu,m25,riɖ,grind (v),,,,JV
kh,m25,riɖ,grind (v),,,,PKED[p169]
ju,m25,riɖ,grind (v),,,,PJDW[p266]
gt,m25,rig,grind (v),,,,PGEG[p4]
sa,m25,rit',grind (v),,,,CDES[p86]
mu,m25,ri'd,grind (v),,,,BMED[p159]
ho,m25,riɖ,grind (v),,,,DHED[p288]
kw,m25,ri:ɖ,grind (v),,,,BAHL[p124]
PMu,m26,*k₂v₄su/*k₂ᵊsu,fever/pain,,,,rau
go,m26,asu,fever/pain,,,,FR
so,m26,asu:/əsu:,fever/pain,,,,RSED[p42]
re,m26,siʔ,fever/pain,,,,BDBH[2610]
gu,m26,isi,fever/pain,,,,GGEG[p93]
kh,m26,kosu/kusu,fever/pain,,,,PKED[p107]
ju,m26,kasu,fever/pain,,,,PJDW[p220]
gt,m26,aʔsu,fever/pain,,,,PGEG[p4]
sa,m26,haso,fever/pain,,,,CDES[p135]
mu,m26,ha:su,fever/pain,,,,BMED[p67]
ho,m26,hasu,fever/pain,,,,HOGV[p147]
kw,m26,hasu:,fever/pain,,,,BAHL[p145]
ko,m26,kaSu,fever/pain,,,,NKEV[p315]
PMu,m27,*tuɲ,shoot (v),,,,rau
go,m27,tiŋ,shoot (v),,,,FR
so,m27,tuɲ,shoot (v),,,,RSED[p299]
re,m27,tiŋ,shoot (v),,,,BDBH[1368]
gu,m27,tiŋ,shoot (v),,,,GZ63[190]
kh,m27,tuɲ,shoot (v),,,,PKED[p196]
ju,m27,tuɲ,shoot (v),,,,PJDW[p288]
gt,m27,ʈwiŋ,shoot (v),,,,PGEG[p46]
sa,m27,tuɲ,shoot (v),,,,CDES[p173]
mu,m27,tuiŋ,shoot (v),,,,BMED[p180]
ho,m27,tuŋ,shoot (v),,,,HOGV[p177]
ko,m27,ʈuɲj,shoot (v),,,,NKEV[p343]
PMu,m28,*sim,chicken,,,,rau
so,m28,kənsi:m,chicken,,,,RSED[p131]
re,m28,gisiŋ,chicken,,,,BDBH[856]
gu,m28,gisiŋ,chicken,,,,AG08[p651]
kh,m28,siŋkoy,chicken,,,,PKED[p183]
ju,m28,sɛŋkɔe,chicken,,,,PJDW[p275]
gt,m28,gsæŋ,chicken,,,,PGEG[p23]
sa,m28,sim,chicken,,,,CDES[p30]
mu,m28,sim,chicken,,,,BMED[p173]
ho,m28,sim,chicken,,,,HOGV[p151]
kw,m28,si:m,chicken,,,,BAHL[p135]
PMu,m29,*ɟoˀt,wipe (v),,,,rau
go,m29,zoˀd,wipe (v),,,,FR
so,m29,ɟoˀd,wipe (v),,,,RSED[p126]
re,m29,susuʔ,wipe (v),,,,BDBH[2698]
gu,m29,sosoɖ,wipe (v),,,,JV
kh,m29,joˀɖ,wipe (v),,,,PKED[p87]
gt,m29,cuʔ,wipe (v),,,,PGEG[p15]
sa,m29,jo̠t',wipe (v),,,,CDES[p221]
mu,m29,jod',wipe (v),,,,BMED[p84]
ho,m29,joɖ,wipe (v),,,,HOGV[p88]
kw,m29,joɖ,wipe (v),,,,BAHL[p62]
ko,m29,o:jo,wipe (v),,,,NKEV[p329]
PMu,m30,*ɟo(o)ˀ,fruit / to bear fruit (v),,,,rau
go,m30,zoʔ,fruit / to bear fruit (v),,,,FR
so,m30,ɟo:ʔ,fruit / to bear fruit (v),,,,RSED[p125]
re,m30,suʔ,fruit / to bear fruit (v),,,,BDBH[2701]
gt,m30,cu,fruit / to bear fruit (v),,,,PGEG[p15]
sa,m30,jo̠,fruit / to bear fruit (v),,,,CDES[p80]
mu,m30,jo,fruit / to bear fruit (v),,,,BMED[p83]
ho,m30,jo:,fruit / to bear fruit (v),,,,DHED[p83]
kw,m30,joʔ,fruit / to bear fruit (v),,,,BAHL[p63]
ko,m30,jo:,fruit / to bear fruit (v),,,,NKEV[p313]
PMu,m31,*ɟoˀk,sweep (v),,,,rau
go,m31,zoʔ,sweep (v),,,,FR
so,m31,ɟo:,sweep (v),,,,RSED[p126]
re,m31,suk',sweep (v),,,,BDBH[2624]
gu,m31,sog,sweep (v),,,,AG08[p650]
kh,m31,joʔ,sweep (v),,,,PKED[p87]
ju,m31,ɟɛnɔg,sweep (v),,,,PJDW[p211]
gt,m31,coʔ,sweep (v),,,,PGEG[p15]
sa,m31,jo̠k',sweep (v),,,,CDES[p194]
mu,m31,joʔ,sweep (v),,,,BMED[p85]
ho,m31,joʔ,sweep (v),,,,DHED[p167]
ko,m31,ju-khɽi,sweep (v),,,,NKEV[p313]
PMu,m32,*arel,hail/pebble,,,,rau
go,m32,aril,hail/pebble,,,,FR
so,m32,are:l,hail/pebble,,,,RSED[p39]
re,m32,are,hail/pebble,,,,BDBH[43]
gu,m32,arel,hail/pebble,,,,HLKS[V225]
kh,m32,arel,hail/pebble,,,,PKED[p7]
ju,m32,aɭɛn,hail/pebble,,,,PJDW[p158]
gt,m32,hare,hail/pebble,,,,PGEG[p24]
sa,m32,arel,hail/pebble,,,,CDES[p88]
mu,m32,a:ɽil,hail/pebble,,,,BMED[p10]
ho,m32,aril,hail/pebble,,,,HOGV[p161]
kw,m32,a:ril,hail/pebble,,,,BAHL[p10]
PMu,m33,*juˀp,night,,,,rau
go,m33,uɖuˀb,night,,,,FR
so,m33,orub,night,,,,RSED[p195]
re,m33,minɖip',night,,,,BDBH[2087]
gu,m33,noNdib,night,,,,GZ65[260]
kh,m33,iɖiˀb,night,,,,PKED[p79]
gt,m33,minɖig,night,,,,PGEG[p33]
sa,m33,ayup',night,,,,CDES[p128]
mu,m33,a:yub,night,,,,BMED[p14]
ho,m33,ayub,night,,,,HOGV[p157]
kw,m33,ayub,night,,,,BAHL[p3]
ko,m33,ayup,night,,,,NKEV[p290]
PMu,m34,*tv₁₅ruˀp,cloud,,,,rau
go,m34,taruˀb,cloud,,,,FR
so,m34,tarub,cloud,,,,RSED[p283]
re,m34,tirib,cloud,,,,BDBH[1387]
gu,m34,tirib,cloud,,,,GZ65[416]
kh,m34,tiriˀb,cloud,,,,PKED[p287]
gt,m34,trig,cloud,,,,PGEG[p46]
sa,m34,rimil,cloud,,,,CDES[p33]
mu,m34,rimil,cloud,,,,BMED[p160]
ho,m34,rimil,cloud,,,,HOGV[p152]
kw,m34,liNbir,cloud,,,,BAHL[p127]
PMu,m35,*v₁la(aˀ/ˀk)/ᵊla(aˀ/ˀk),leaf,,,,rau
go,m35,olaʔ,leaf,,,,FR
so,m35,o:la:,leaf,,,,RSED[p192]
re,m35,ulak',leaf,,,,BDBH[169]
gu,m35,olag,leaf,,,,AG08[p633]
kh,m35,ulaʔ,leaf,,,,PKED[p298]
ju,m35,olag,leaf,,,,PJDW[p254]
gt,m35,uliaʔ,leaf,,,,PGEG[p124]
sa,m35,palha,leaf,,,,CDES[p111]
mu,m35,pa:lha:o,leaf,,,,BMED[p142]
ho,m35,pala,leaf,,,,DHED[p259]
kw,m35,(sakam),leaf,,,,BAHL[pdfp129]
ko,m35,pa:la,leaf,,,,NKEV[p331]
PMu,m36,*usal,skin,,,,rau
go,m36,usal,skin,,,,FR
so,m36,usal,skin,,,,RSED[p308]
re,m36,usa,skin,,,,BDBH[173]
gu,m36,isa:l,skin,,,,HLKS[V149]
kh,m36,usal,skin,,,,PKED[p300]
ju,m36,chalo,skin,,,,PJDW[p180]
gt,m36,ugsa,skin,,,,PGEG[p6]
sa,m36,chal,skin,,,,CDES[p176]
ko,m36,sa:li,skin,,,,NKEV[p337]
PMu,m37,*lv₁₈ᴺdv₂₀,laugh (v),,,,rau
go,m37,liɖa,laugh (v),,,,FR
re,m37,(ɖoɖo),laugh (v),,,,BDBH[1283]
gu,m37,luɖo,laugh (v),,,,GZ65[228]
kh,m37,laɖa,laugh (v),,,,PKED[p202]
ju,m37,lara,laugh (v),,,,PJDW[p236]
gt,m37,lwaʔ,laugh (v),,,,PGEG[p32]
sa,m37,lanɖa,laugh (v),,,,CDES[p110]
mu,m37,la:nɖa:,laugh (v),,,,BMED[p102]
ho,m37,landa,laugh (v),,,,HOGV[p166]
kw,m37,la:Nd,laugh (v),,,,BAHL[p127]
ko,m37,lanɖa,laugh (v),,,,NKEV[p322]
PMu,m38,*sv₂maŋ,forehead/front,,,,rau
go,m38,amaŋ,forehead/front,,,,FR
so,m38,ammaŋ,forehead/front,,,,RSED[p31]
re,m38,gutumoŋ,forehead/front,,,,BDBH[885]
gu,m38,sumoŋ/amuŋ,forehead/front,,,,GZ65[21]
kh,m38,somoŋ/somo/sumaŋ,forehead/front,,,,PKED[p185]
ju,m38,ɛmɔŋ,forehead/front,,,,PJDW[p191]
gt,m38,ssæ,forehead/front,,,,PGEG[p44]
sa,m38,samaŋ,forehead/front,,,,CDES[p79]
mu,m38,sa:ma:ŋ,forehead/front,,,,BMED[p167]
ho,m38,sanamaŋ,forehead/front,,,,HOGV[p159]
kw,m38,samaŋ,forehead/front,,,,BAHL[pdfp130]
ko,m38,samma,forehead/front,,,,NKEV[p336]
PMu,m39,*bv₁₆toŋ,fear,,,,rau
go,m39,butoŋ,fear,,,,FR
so,m39,bato:ŋ,fear,,,,RSED[p55]
re,m39,butuŋ,fear,,,,BDBH[1922]
gu,m39,butoŋ,fear,,,,GZ65[76]
kh,m39,bɔtɔŋ (P),fear,,,,HLKS[V261]
ju,m39,betɔŋan,fear,,,,JLIC[v239]
gt,m39,bʈoʔ,fear,,,,PGEG[p14]
mu,m39,botoŋ,fear,,,,BMED[p25]
kw,m39,(bor),fear,,,,BAHL[p112]
PMu,m40,*ɖv₂₁ɲ,cook (v),,,,rau
go,m40,ɖeɲ,cook (v),,,,FR
so,m40,diɲ,cook (v),,,,RSED[p80]
re,m40,ɖoNĭ,cook (v),,,,BDBH[1302]
gu,m40,ɖoɲ,cook (v),,,,AG08[p664]
kh,m40,ɖeɲ,cook (v),,,,PKED[p63]
ju,m40,ɖɛɲ,cook (v),,,,PJDW[p187]
gt,m40,ɖue,cook (v),,,,PGEG[p17]
PMu,m41,*bv₃ɲ(ˀ),snake,,,,rau
go,m41,bubuˀd,snake,,,,FR
so,m41,biɲ/biŋ,snake,,,,RSED[p59]
re,m41,bubuʔ,snake,,,,BDBH[1931]
gu,m41,buɽbui(ʔ),snake,,,,JV
kh,m41,buɲam,snake,,,,PKED[p4]
ju,m41,bubuŋ,snake,,,,PJDW[p172]
gt,m41,boʔ,snake,,,,PGEG[p12]
sa,m41,biɲ,snake,,,,CDES[p179]
mu,m41,biŋ,snake,,,,BMED[p23]
ho,m41,biɲ,snake,,,,HOGV[p178]
kw,m41,bi:ŋ,snake,,,,BAHL[p108]
ko,m41,biɲj,snake,,,,NKEV[p294]
PMu,m42,*sv₂₂,plough (v),,,,rau
go,m42,(or),plough (v),,,,FR
so,m42,(or),plough (v),,,,RSED[p195]
re,m42,se,plough (v),,,,BDBH[2706]
gu,m42,sui,plough (v),,,,AG08[p650]
kh,m42,si,plough (v),,,,PKED[p143]
ju,m42,si,plough (v),,,,PJDW[p276]
gt,m42,si,plough (v),,,,PGEG[p42]
sa,m42,si,plough (v),,,,CDES[p143]
mu,m42,siu,plough (v),,,,BMED[p175]
ho,m42,si:,plough (v),,,,HOGV[p170]
kw,m42,si:,plough (v),,,,BAHL[p135]
PMu,m43,*ɟal,lick (v),,,,rau
go,m43,zaleˀb,lick (v),,,,FR
so,m43,ɟa:l,lick (v),,,,RSED[p119]
re,m43,salep',lick (v),,,,BDBH[2523]
gu,m43,sal,lick (v),,,,GZ63[228]
kh,m43,jal,lick (v),,,,PKED[p82]
ju,m43,janɔ,lick (v),,,,JLIC[v372]
gt,m43,cca,lick (v),,,,PGEG[p14]
sa,m43,jal,lick (v),,,,CDES[p112]
mu,m43,jal,lick (v),,,,EM[p1965]
ho,m43,jal,lick (v),,,,HOGV[p164]
kw,m43,(jaɽa:ʔ),lick (v),,,,BAHL[p60]
ko,m43,jal,lick (v),,,,NKEV[p312]
PMu,m44,*gum,winnow (v),,,,rau
go,m44,gumar,winnow (v),,,,FR
so,m44,gum,winnow (v),,,,RSED[p105]
re,m44,(giteʔ),winnow (v),,,,BDBH[864]
gu,m44,gim,winnow (v),,,,GZ63[134]
kh,m44,gum,winnow (v),,,,PKED[p67]
ju,m44,guŋ/guɲ,winnow (v),,,,PJDW[p199]
gt,m44,goŋ,winnow (v),,,,PGEG[p20]
sa,m44,gum,winnow (v),,,,BSDV2[p490]
mu,m44,gum,winnow (v),,,,BMED[p214]
ho,m44,gum,winnow (v),,,,DHED[p120]
kw,m44,gum,winnow (v),,,,BAHL[p45]
ko,m44,gum,winnow (v),,,,NKEV[p307]
PMu,m45,*bɨˀt,sow (v),,,,rau
go,m45,buˀd,sow (v),,,,FR
so,m45,büd,sow (v),,,,RSED[p63]
re,m45,biʔ,sow (v),,,,BDBH[1898]
gu,m45,biɽ,sow (v),,,,GZ63[67]
kh,m45,biˀɖ,sow (v),,,,PKED[p20]
ju,m45,bir,sow (v),,,,PJDW[p167]
gt,m45,big,sow (v),,,,PGEG[p11]
sa,m45,bit',sow (v),,,,CDES[p142]
mu,m45,bid',sow (v),,,,BMED[p22]
ho,m45,biɖ,sow (v),,,,DHED[p35]
ko,m45,biʈ,sow (v),,,,NKEV[p294]
PMu,m46,*v₂₃sin,boil (v),,,,rau
go,m46,asin,boil (v),,,,FR
so,m46,əsin,boil (v),,,,RSED[p16]
re,m46,nsiŋ,boil (v),,,,BDBH[1641]
gu,m46,isin,boil (v),,,,GZ65[173]
kh,m46,isin,boil (v),,,,PKED[p81]
ju,m46,isinɔ,boil (v),,,,JLIC[v65]
gt,m46,nsiŋ,boil (v),,,,PGEG[p37]
sa,m46,isin,boil (v),,,,CDES[p39]
mu,m46,isin,boil (v),,,,BMED[p77]
ho,m46,isin,boil (v),,,,DHED[p153]
kw,m46,isiŋ,boil (v),,,,BAHL[p12]
ko,m46,isin,boil (v),,,,korkutxt[12071]
PMu,m47,*dal,cover (v),,,,rau
go,m47,ɖal,cover (v),,,,FR
so,m47,dal,cover (v),,,,RSED[p73]
re,m47,ɖalu,cover (v),,,,BDBH[1210]
gu,m47,ɖal,cover (v),,,,GZ65[80]
kh,m47,ɖal,cover (v),,,,PKED[p42]
ju,m47,ɖan,cover (v),,,,MJTL[p96]
gt,m47,ɖa,cover (v),,,,PGEG[p16]
sa,m47,dapal/dalo̠p',cover (v),,,,CDES[p40]
mu,m47,dapal/dālob,cover (v),,,,BMED[p35/36]
ho,m47,dapal/dalop,cover (v),,,,HOGV[p153]
ko,m47,da:l,cover (v),,,,NKEV[p299]
PMu,m48,*saˀp,grab (v),,,,rau
so,m48,(sakab),grab (v),,,,RSED[p246]
re,m48,sop',grab (v),,,,BDBH[2748]
gu,m48,sob,grab (v),,,,GGEG[p113]
kh,m48,(suˀb),grab (v),,,,PKED[p188]
ju,m48,sɔb,grab (v),,,,PJDW[p277]
gt,m48,saʔ,grab (v),,,,PGEG[p42]
sa,m48,sap',grab (v),,,,CDES[p28]
mu,m48,sa:b,grab (v),,,,BMED[p163]
ho,m48,sab,grab (v),,,,DHED[p296]
kw,m48,sa:b,grab (v),,,,BAHL[pdfp131]
ko,m48,sa:p,grab (v),,,,NKEV[p337]
PMu,m49,*tv₂₄l,bury (v),,,,rau
go,m49,tul,bury (v),,,,FR
so,m49,til,bury (v),,,,RSED[p288]
re,m49,ti,bury (v),,,,BDBH[1360]
gu,m49,til,bury (v),,,,GZ65[408]
kh,m49,til,bury (v),,,,PKED[p199]
ju,m49,tir,bury (v),,,,PJDW[p284]
sa,m49,(til),bury (v),,,,RSED[p288]
mu,m49,(til),bury (v),,,,RSED[p288]
kw,m49,ti:l,bury (v),,,,BAHL[p82]
PMu,m50,*tv₁₉ŋv₂₅n/tv₁₉nv₂₅ŋ,stand (v),,,,rau
go,m50,tinaŋ,stand (v),,,,FR
so,m50,tanaŋ,stand (v),,,,RSED[p]
re,m50,toŋ,stand (v),,,,BDBH[1490]
gu,m50,tunon,stand (v),,,,AG08[p662]
kh,m50,tuŋon,stand (v),,,,PKED[p201]
ju,m50,toŋon,stand (v),,,,PJDW[p287]
gt,m50,thwaN,stand (v),,,,PGEG[p46]
sa,m50,teŋgon,stand (v),,,,CDES[p186]
mu,m50,tiŋun,stand (v),,,,BMED[p187]
ho,m50,tiŋgu,stand (v),,,,HOGV[p180]
ko,m50,ʈengene,stand (v),,,,NKEV[p342]
PMu,m51,*goˀc/goj,die (v),,,,rau
go,m51,(kiˀd),die (v),,,,FR
so,m51,(kajed),die (v),,,,RSED[p133]
re,m51,goĭ,die (v),,,,BDBH[975]
gu,m51,goj,die (v),,,,ZG65[139]
kh,m51,goˀj,die (v),,,,PKED[p63]
ju,m51,gɔɟ,die (v),,,,PJDW[p197]
gt,m51,gweʔ,die (v),,,,PGEG[p23]
sa,m51,go̠c',die (v),,,,CDES[p51]
mu,m51,goj,die (v),,,,BMED[p61]
ho,m51,goj,die (v),,,,DHED[p115]
kw,m51,goej,die (v),,,,BAHL[p46]
ko,m51,go,die (v),,,,NKEV[p306]
PMu,m52,*ɲv₂₆r,run (v),,,,rau
go,m52,jer,run (v),,,,FR
so,m52,jer,run (v),,,,RSED[p88]
re,m52,ur,run (v),,,,BDBH[155]
kh,m52,yar,run (v),,,,DSKH[12601]
gt,m52,wir,run (v),,,,PGEG[p9]
sa,m52,ɲir,run (v),,,,CDES[p164]
mu,m52,nir,run (v),,,,BMED[p132]
ho,m52,nir,run (v),,,,DHED[p246]
kw,m52,ɲir,run (v),,,,BAHL[p66]
ko,m52,niɽe,run (v),,,,NKEV[p328]
PMu,m53,*tᵊme,new,,,,rau
go,m53,tḛmi,new,,,,FR
so,m53,tamme,new,,,,RSED[p277]
re,m53,time,new,,,,BDBH[1383]
gu,m53,time,new,,,,ZG65[410]
kh,m53,tonme,new,,,,PKED[p289]
gt,m53,tmi,new,,,,PGEG[p125]
sa,m53,(nãwã),new,,,,CDES[p128]
mu,m53,(nawã),new,,,,BMED[p127]
ho,m53,(nama),new,,,,HOGV[p168]
ko,m53,(uni),new,,,,NKEV[345]
PMu,m54,A:*boŋtel; B:*bitkil,buffalo,,,,rau
go,m54,boŋtel,buffalo,,,,FR
so,m54,boŋtel,buffalo,,,,RSED[p62]
re,m54,buŋte,buffalo,,,,BDBH[1917]
gu,m54,boŋtel,buffalo,,,,AG08[p647]
kh,m54,boŋtel,buffalo,,,,PKED[p36]
gt,m54,buNʈi,buffalo,,,,PGEG[p13]
sa,m54,bitkil,buffalo,,,,CDES[p23]
ko,m54,biʈkhil,buffalo,,,,NKEV[p294]
PMu,m55,*v₁₄sər,dry,,,,rau
go,m55,asar,dry,,,,FR
so,m55,asar,dry,,,,RSED[p42]
re,m55,nsor,dry,,,,BDBH[1657]
gu,m55,usor,dry,,,,AG08[p650]
kh,m55,kosor,dry,,,,PKED[p155]
ju,m55,kosor,dry,,,,PJDW[p229]
gt,m55,nswar,dry,,,,PGEG[p37]
PMu,m56,*k₂aˀp,bite (v),,,,rau
go,m56,(kuˀb),bite (v),,,,FR
so,m56,(küb/kib/kaib),bite (v),,,,RSED[p144]
re,m56,op,bite (v),,,,BDBH[337]
gu,m56,ob,bite (v),,,,JV
kh,m56,hapkay,bite (v),,,,PKED[p73]
gt,m56,haʔ,bite (v),,,,PGEG[p24]
sa,m56,hap',bite (v),,,,CDES[p17]
mu,m56,ha:b,bite (v),,,,BMED[p64]
ho,m56,hab,bite (v),,,,DHED[p124]
kw,m56,ha:p,bite (v),,,,BAHL[p146]
ko,m56,khap,bite (v),,,,NKEV[p320]
PMu,m57,*peˀt,blow (v),,,,rau
go,m57,peˀd,blow (v),,,,FR
so,m57,ped,blow (v),,,,RSED[p212]
re,m57,peʔ,blow (v),,,,BDBH[1759]
gu,m57,peɖ,blow (v),,,,JV
kh,m57,pɛˀɖ,blow (v),,,,PJED[p156]
ju,m57,perɔ,blow (v),,,,JLIC[v60]
gt,m57,piʔ,blow (v),,,,PGEG[p38]
sa,m57,phe̠t',blow (v),,,,CDES[p142]
PMu,m58,*geˀp,burn (vi),,,,rau
go,m58,geˀb,burn (vi),,,,FR
so,m58,tuŋge:b,burn (vi),,,,RSED[p298]
re,m58,gep',burn (vi),,,,BDBH[967]
gu,m58,geb,burn (vi),,,,GZ65[123]
kh,m58,geb,burn (vi),,,,PKED[p61]
gt,m58,giʔ,burn (vi),,,,PGEG[p19]
PMu,m59,A:*miɲam; B:majom,blood,,,,rau
go,m59,miam,blood,,,,FR
so,m59,miɲam,blood,,,,RSED[p177]
gu,m59,iam,blood,,,,GZ63[325]
kh,m59,iɲam,blood,,,,PKED[p115]
ju,m59,iɲam/iɲɑm,blood,,,,PJDW[p208]
gt,m59,mia,blood,,,,PGEG[p33]
sa,m59,maNyaNM,blood,,,,CDES[p18]
mu,m59,ma:yom,blood,,,,BMED[p116]
ho,m59,mayom,blood,,,,HOGV[p149]
ko,m59,mayum,blood,,,,NKEV[p325]
PMu,m60,*soŋ,buy/sell (vt),,,,rau
go,m60,oŋ,buy/sell (vt),,,,FR
re,m60,suŋ,buy/sell (vt),,,,BDBH[2635]
gu,m60,soŋ,buy/sell (vt),,,,GZ65[370]
kh,m60,soŋ,buy/sell (vt),,,,PKED[p185]
ju,m60,soŋ,buy/sell (vt),,,,PJDW[p278]
gt,m60,so,buy/sell (vt),,,,PGEG[p42]
PMu,m61,*sv₆bv₁₂l,sweet,,,,rau
re,m61,subu,sweet,,,,BDBH[2665]
gu,m61,subul,sweet,,,,AG08[p651]
kh,m61,sebol,sweet,,,,PKED[p180]
sa,m61,sebel,sweet,,,,CDES[p1194]
mu,m61,sibil,sweet,,,,EMV13[p3943]
ho,m61,sibil,sweet,,,,DHED[p316]
kw,m61,sebel,sweet,,,,DSKW[21820]
ko,m61,simil,sweet,,,,NKEV[p338]
PMu,m62,*tv₃ŋ,kindle (v),,,,rau
go,m62,tuŋ,kindle (v),,,,FR
so,m62,tuŋa:l,kindle (v),,,,RSED[p297]
kh,m62,tuŋgal,kindle (v),,,,HLKS[V324]
gt,m62,toŋ,kindle (v),,,,PGEG[p42]
sa,m62,tiŋgi,kindle (v),,,,BSDV5[p461]
mu,m62,tiŋ,kindle (v),,,,BMED[p187]
ho,m62,tiɲ,kindle (v),,,,DHED[p353]
ko,m62,ʈingi,kindle (v),,,,NKEV[p343]
PMu,m63,*lv₂₉ˀc,stomach,,,,rau
so,m63,(lo:ˀɟ),stomach,,,,RSED[p163]
re,m63,suloĭ,stomach,,,,BDBH[2692]
gu,m63,suloj,stomach,,,,AG08[p651]
kh,m63,la(i)ˀj,stomach,,,,PKED[p119]
ju,m63,(lai),stomach,,,,JLIC[n57]
gt,m63,slweʔ,stomach,,,,PGEG[p43]
sa,m63,lac',stomach,,,,CDES[p188]
mu,m63,la:iˀ,stomach,,,,BMED[p101]
ho,m63,la:iʔ,stomach,,,,DHED[p204]
kw,m63,la:i:ʔ,stomach,,,,BAHL[p123]
ko,m63,la:j,stomach,,,,NKEV[p323]
PMu,m64,*mv₄raŋ,big,,,,rau
so,m64,maraŋ/məraŋ,big,,,,RSED[p173/167]
re,m64,munaʔ,big,,,,BDBH[2121]
gu,m64,(moɖo),big,,,,AG08[p663]
gt,m64,mnaʔ,big,,,,PGEG[35]
sa,m64,maraŋ,big,,,,CDES[p17]
mu,m64,maraŋ,big,,,,BMED[p220]
ho,m64,maraŋ,big,,,,DHED[p225]
PMu,m65,*əsel,white,,,,rau
go,m65,asel,white,,,,FR
kh,m65,osel,white,,,,PKED[p216]
sa,m65,e̠se̠l,white,,,,BSD2[p343]
mu,m65,esel,white,,,,BMED[p56]
ho,m65,esel,white,,,,DHED[p102]
kw,m65,hesel,white,,,,BAHL[p149]
ko,m65,esel,white,,,,HLKS[V255]
PMu,m66,*bv₁₆rv₁₇(ˀp/ˀk),lungs,,,,rau
go,m66,buroˀb,lungs,,,,FR
so,m66,bəro:,lungs,,,,RSED[p46]
re,m66,buruk',lungs,,,,BDBH[1936]
gu,m66,buroʔ,lungs,,,,DSGU[4101]
ju,m66,(buru),lungs,,,,JLIC[n49]
gt,m66,breʔ,lungs,,,,PGEG[p14]
sa,m66,bo̠ro̠,lungs,,,,CDES[p116]
mu,m66,(borkod'),lungs,,,,BMED[p25]
ho,m66,(borkoɖ),lungs,,,,DHED[p45]
kw,m66,boro,lungs,,,,BAHL[p112]
ko,m66,(bor),lungs,,,,DSKO[4141]
PMu,m67,*v₁₅li,liquor,,,,rau
go,m67,ali,liquor,,,,FR
so,m67,əli/ali,liquor,,,,RSED[p8]
re,m67,ili,liquor,,,,BDBH[120]
gu,m67,ili,liquor,,,,AG08[p672]
mu,m67,ili,liquor,,,,BMED[p75]
ho,m67,ili,liquor,,,,DHED[p151]
PMu,m68,*ruᴺku(ˀp/ˀk),husked rice,,,,rau
go,m68,ruŋk,husked rice,,,,FR
so,m68,rʊŋkʊ,husked rice,,,,RSED[p239]
re,m68,ruŋku,husked rice,,,,BDBH[2291]
gu,m68,rukug,husked rice,,,,AG08[p672]
kh,m68,ruŋkuˀb/rumkuˀb,husked rice,,,,PKED[p171]
ju,m68,ruŋkub,husked rice,,,,PJDW[p269]
gt,m68,rkoʔ,husked rice,,,,PGEG[p41]
mu,m68,(rukhaɽ),husked rice,,,,BMED[p163]
PMu,m69,*ɟəlu,meat,,,,rau
so,m69,ɟelu:,meat,,,,RSED[p123]
re,m69,sili/seli,meat,,,,BDBH[2599/2731]
gu,m69,seli,meat,,,,AG08[p674]
gt,m69,cili,meat,,,,PGEG[p15]
sa,m69,jel,meat,,,,CDES[p120]
mu,m69,jilu,meat,,,,BMED[p83]
ho,m69,jilu,meat,,,,DHED[p165]
ko,m69,jilu,meat,,,,NKEV[p311]
PMu,m70,*uli,mango (ripe),,,,rau
so,m70,u:l,mango (ripe),,,,RSED[p304]
re,m70,uli,mango (ripe),,,,BDBH[171]
gu,m70,ili,mango (ripe),,,,DSGU[4032]
ju,m70,(holɛ),mango (ripe),,,,PJDW[p205]
gt,m70,uli,mango (ripe),,,,PGEG[p7]
sa,m70,ul,mango (ripe),,,,CDES[p118]
mu,m70,uli,mango (ripe),,,,BMED[p192]
ho,m70,uli,mango (ripe),,,,DHED[p370]
kw,m70,u:l,mango (ripe),,,,BAHL[p19]
PMu,m71,A:*roj; B:*roko,fly,,,,rau
go,m71,aroj,fly,,,,FR
so,m71,əro:j,fly,,,,RSED[p14]
re,m71,(ayoŋ/ayuŋ),fly,,,,BDBH[39]
gu,m71,uroi,fly,,,,JV
kh,m71,(kɔnɖɔi),fly,,,,HLKS[K356]
gt,m71,nɖroe,fly,,,,PGEG[p36]
sa,m71,ro̠,fly,,,,CDES[p76]
mu,m71,roko,fly,,,,BMED[p161]
ho,m71,roko,fly,,,,DHED[p291]
kw,m71,roʔo,fly,,,,DSKW[19600]
ko,m71,ruku,fly,,,,NKEV[p335]
PMu,m72,*saŋsaŋ,turmeric/yellow,,,,rau
go,m72,saŋsaŋ,turmeric/yellow,,,,FR
so,m72,sansaŋ,turmeric/yellow,,,,RSED[249]
re,m72,saŋsaŋ,turmeric/yellow,,,,BDBH[400]
gu,m72,saŋsaŋ,turmeric/yellow,,,,GZ63[226]
kh,m72,saŋsaŋ,turmeric/yellow,,,,PKED[p176]
ju,m72,saŋsaŋ,turmeric/yellow,,,,PJDW[p268]
gt,m72,ssia,turmeric/yellow,,,,PGEG[p42]
sa,m72,sasaŋ,turmeric/yellow,,,,CDES[p230]
mu,m72,sasaŋ,turmeric/yellow,,,,BMED[p157]
ho,m72,sasaŋ,turmeric/yellow,,,,DHED[p307]
ko,m72,sasan,turmeric/yellow,,,,DSKO[24491]
PMu,m73,*lutur,ear,,,,rau
go,m73,luˀd,ear,,,,FR
so,m73,luˀd,ear,,,,RSED[p165]
re,m73,luntur,ear,,,,BDBH[2386]
gu,m73,litir,ear,,,,AG08[p652]
kh,m73,lutur,ear,,,,PKED[p127]
ju,m73,lutur/lutuʔ,ear,,,,PJDW[p239]
gt,m73,nlug,ear,,,,PGEG[p36]
sa,m73,lutur,ear,,,,CDES[p60]
mu,m73,lutur,ear,,,,BMED[p110]
ho,m73,lutur,ear,,,,DHED[p216]
kw,m73,lutur,ear,,,,BAHL[p128]
ko,m73,lutur,ear,,,,NKEV[p324]
PMu,m74,*muuˀ,nose,,,,rau
go,m74,muʔ,nose,,,,FR
so,m74,mu:ʔ,nose,,,,RSED[p179]
re,m74,nseʔmiʔ,nose,,,,BDBH[1653]
gu,m74,miʔ,nose,,,,GZ63[262]
kh,m74,romoŋ/romoˀɖ,nose,,,,PKED[p170]
ju,m74,motɛɟ,nose,,,,PJDW[p245]
gt,m74,mmu,nose,,,,PGEG[p34]
sa,m74,muN,nose,,,,CDES[p129]
mu,m74,mu/muhu,nose,,,,BMED[p121]
ho,m74,muwa/muʈa,nose,,,,DHED[p238]
kw,m74,hu:mu:,nose,,,,DSKW[23180]
ko,m74,mu:,nose,,,,NKEV[p327]
PMu,m75,*siŋi,sun,,,,rau
re,m75,siŋi,sun,,,,BDBH[2543]
gu,m75,siŋi,sun,,,,JV
kh,m75,siŋ,sun,,,,PKED[p183]
ju,m75,siŋ,sun,,,,PJDW[p244]
gt,m75,sni,sun,,,,PGEG[p34]
sa,m75,siɲ,sun,,,,CDES[p193]
mu,m75,siŋi,sun,,,,BMED[p174]
ho,m75,siŋi,sun,,,,DHED[p319]
kw,m75,si:ŋ,sun,,,,BAHL[p136]
PMu,m76,*daˀp,cover (v),,,,rau
go,m76,ɖaˀb,cover (v),,,,FR
so,m76,dab,cover (v),,,,RSED[p71]
re,m76,ɖab,cover (v),,,,BDBH[1197]
kh,m76,dab,cover (v),,,,PKED
sa,m76,dap',cover (v),,,,CDSE[p20]
mu,m76,da:p,cover (v),,,,BMED[p32]
kw,m76,da:b,cover (v),,,,BAHL[p86]
PMu,m77,*gəle,ear of corn,,,,rau
go,m77,gali,ear of corn,,,,FR
so,m77,gale,ear of corn,,,,RSED[p96]
re,m77,gileker,ear of corn,,,,DSBO[11781]
gu,m77,gile,ear of corn,,,,GTXT[7791]
kh,m77,gɔlɛ,ear of corn,,,,HLKS[V182]
ju,m77,(ɔnɔ),ear of corn,,,,PJDW[p255]
gt,m77,(konto-ja),ear of corn,,,,PGEG[p28]
sa,m77,gele,ear of corn,,,,CDES[p185]
mu,m77,gele,ear of corn,,,,EM[p1418]
ho,m77,gele,ear of corn,,,,DHED[p111]
kw,m77,geleʔ,ear of corn,,,,BAHL[p45]
ko,m77,(kelʈa),ear of corn,,,,NKEV[p317]
PMu,m78,*bar,two,,,,rau
go,m78,bagu,two,,,,FR
so,m78,bar,two,,,,RSED[p48]
re,m78,mbaʔr,two,,,,BDBH[2214]
gu,m78,umbar,two,,,,AG08[p646]
kh,m78,ubar,two,,,,PKED[p205]
ju,m78,umba,two,,,,PJDW[p291]
gt,m78,mbar,two,,,,PGEG[p34]
sa,m78,bar,two,,,,CSED[p42]
mu,m78,baria,two,,,,BMED[p20]
ho,m78,bar,two,,,,DHED[p27]
ko,m78,ba:r,two,,,,NKEV[293]
PMu,m79,*ɟa; ɟaaˀ; ɟaˀt,additive.particle,,,,rau
go,m79,zaˀd,additive.particle,,,,FR
so,m79,ɟa:,additive.particle,,,,RSED[p117]
re,m79,sa,additive.particle,,,,BDBH[2547]
gu,m79,sa,additive.particle,,,,AG08[p649]
kh,m79,ja,additive.particle,,,,HLKS[V1]
ju,m79,ɟan,additive.particle,,,,PJDW[p211]
sa,m79,ja,additive.particle,,,,BSD3[p216]
mu,m79,ja:,additive.particle,,,,BMED[p77]
ho,m79,ja:,additive.particle,,,,DHED[p155]
kw,m79,ja'',additive.particle,,,,DSKW[09330]
ko,m79,ja,additive.particle,,,,DSKO[12141]
PMu,m80,*gam,say (v),,,,rau
so,m80,gam,say (v),,,,RSED[p96]
gu,m80,gam,say (v),,,,Z1965[121]
kh,m80,gam,say (v),,,,PKED[p57]
ju,m80,gam,say (v),,,,PJDW[p194]
sa,m80,gam,say (v),,,,CSED[p176]
mu,m80,gamu,say (v),,,,HLKS[V12]
ho,m80,gamu,say (v),,,,HLKS[V12]
PMu,m81,*maraˀk,peacock,,,,rau
go,m81,marraʔ,peacock,,,,FR
so,m81,ma:ra:,peacock,,,,RSED[p173]
gu,m81,maraʔ,peacock,,,,SAAW[p1]
kh,m81,maraʔ,peacock,,,,PKED[p131]
ju,m81,marag,peacock,,,,PJDW[p242]
sa,m81,marak',peacock,,,,CSED[p407]
mu,m81,ma:ra:,peacock,,,,BMED[p114]
ho,m81,mara:,peacock,,,,DHED[p225]
kw,m81,mara:q,peacock,,,,BAHL[p117]
ko,m81,mara,peacock,,,,NKEV[p324]
PMu,m82,*ɟv₃₆lv₃₇N,long/tall,,,,rau
go,m82,zuleŋa,long/tall,,,,FR
so,m82,ɟele:n,long/tall,,,,RSED[p123]
re,m82,sileŋ,long/tall,,,,BDBH[2601]
gu,m82,sileɲ,long/tall,,,,JV
kh,m82,"jhelo(g,b,m)",long/tall,,,,PKED[p92]
ju,m82,ɟaliŋ,long/tall,,,,PJDW[210]
gt,m82,clæ,long/tall,,,,PGEG[p15]
sa,m82,jeleɲ,long/tall,,,,CSED[p260]
mu,m82,jiliŋ,long/tall,,,,BMED[p83]
ho,m82,jiliɲ,long/tall,,,,DHED[p165]
PMu,m83,*tv₁₅rel,ebony,,,,rau
so,m83,tarel,ebony,,,,RSED[p138]
re,m83,tire,ebony,,,,BDBH[1390]
kh,m83,ti(ɽr)(ei)l,ebony,,,,PKED[p200]
ju,m83,tɛrɛn,ebony,,,,PJDW[p285]
gt,m83,tre,ebony,,,,PGEG[p46]
sa,m83,terel,ebony,,,,CSED[p626]
mu,m83,tiril,ebony,,,,BMED[p188]
ho,m83,tiril,ebony,,,,DHED[p355]
PMu,m84,*sv₆l₁₂ˀp,gazelle,,,,rau
go,m84,alu'b,gazelle,,,,FR
so,m84,əle:b,gazelle,,,,RSED[p7]
re,m84,sulup,gazelle,,,,BDBH[2688]
gu,m84,sulub,gazelle,,,,GGEG[p116]
kh,m84,selhob,gazelle,,,,PKED[p180]
ju,m84,silib,gazelle,,,,PJDW[p278]
gt,m84,sloʔ,gazelle,,,,PGEG[p43]
sa,m84,selep',gazelle,,,,CSED[p571]
mu,m84,silib,gazelle,,,,BMED[p173]
ho,m84,silib,gazelle,,,,DHED[p317]
kw,m84,seleb,gazelle,,,,DSKW[21960]
PMu,m85,*pəˀt,cross (v),,,,rau
go,m85,pa'd,cross (v),,,,FR
so,m85,pad,cross (v),,,,RSED[p200]
re,m85,poʔ,cross (v),,,,BDBH[1793]
gu,m85,poɖ,cross (v),,,,DSGU[18931]
kh,m85,paro(m),cross (v),,,,PKED[p155]
ju,m85,(pakea),cross (v),,,,DSJU[25131]
gt,m85,pwaʔ,cross (v),,,,PGEG[p39]
sa,m85,par,cross (v),,,,CSED[p474]
mu,m85,pa:rom,cross (v),,,,BMED[p144]
ho,m85,parom,cross (v),,,,DHED[p262]
kw,m85,parom,cross (v),,,,BAHL[p97]
ko,m85,pa:r,cross (v),,,,NKEV[p331]
PMu,m86,*ten,trample (v),,,,rau
go,m86,tin,trample (v),,,,FR
gu,m86,ten,trample (v),,,,Z1965[402]
kh,m86,ten,trample (v),,,,PKED[p199]
gt,m86,(ʈe),trample (v),,,,PGEG[p46]
sa,m86,ten,trample (v),,,,CSED[p624]
mu,m86,ʈhen,trample (v),,,,BMED[p185]
ho,m86,ten,trample (v),,,,DHED[p347]
kw,m86,ten,trample (v),,,,DSKW[1275]
ko,m86,ten,trample (v),,,,DSKO[26831]
PMu,m87,*sv₃₀n,chase (v),,,,rau
go,m87,san,chase (v),,,,FR
so,m87,san,chase (v),,,,RSED[p248]
re,m87,sensen,chase (v),,,,BDBH[2714]
kh,m87,san,chase (v),,,,PKED[p176]
ju,m87,(saŋgem),chase (v),,,,PJDW[p273]
sa,m87,sen,chase (v),,,,CSED[p572]
mu,m87,sen,chase (v),,,,BMED[p172]
ho,m87,sen,chase (v),,,,DHED[p311]
kw,m87,sen,chase (v),,,,BAHL[p138]
ko,m87,sen(e),chase (v),,,,NKEV[p337]
PMu,m88,*ɲam,get (v),,,,rau
so,m88,ɲam,get (v),,,,RSED[p186]
kh,m88,ɲam,get (v),,,,PKED[p140]
sa,m88,ɲam,get (v),,,,CSED[p434]
mu,m88,na:m,get (v),,,,BMED[p126]
ho,m88,nam,get (v),,,,DHED[p241]
kw,m88,ɲa:m,get (v),,,,BAHL[p66]
ko,m88,na,get (v),,,,NKEV[p327]
PMu,m89,*gur,fall/rain (v),,,,rau
go,m89,gur,fall/rain (v),,,,FR
so,m89,gur,fall/rain (v),,,,RSED[p92]
re,m89,gur,fall/rain (v),,,,BDBH[914]
gu,m89,gir,fall/rain (v),,,,Z1965[132]
kh,m89,gur,fall/rain (v),,,,PKED[p68]
ju,m89,gur,fall/rain (v),,,,PJDW[p200]
gt,m89,gur,fall/rain (v),,,,PGEG[p21]
sa,m89,gur,fall/rain (v),,,,CSED[p207]
mu,m89,gur,fall/rain (v),,,,EMV5[p1535]
ho,m89,gur,fall/rain (v),,,,DHED[p122]
ko,m89,guru,fall/rain (v),,,,DSKO[10541]
PMu,m90,*uˀt,drink/swallow (v),,,,rau
re,m90,uʔ,drink/swallow (v),,,,BDBH[181]
gu,m90,iɖ,drink/swallow (v),,,,AG08[p664]
kh,m90,uˀd,drink/swallow (v),,,,PKED[p205]
ju,m90,ur/uɖ,drink/swallow (v),,,,PJDW[p292]
gt,m90,ug,drink/swallow (v),,,,PGEG[p6]
sa,m90,ut',drink/swallow (v),,,,CSED[p674]
mu,m90,ud',drink/swallow (v),,,,BMED[p191]
ho,m90,uɖ,drink/swallow (v),,,,DHED[p369]
kw,m90,u:ɖ,drink/swallow (v),,,,BAHL[p18]
ko,m90,u:ʈ,drink/swallow (v),,,,NKEV[p346]
PMu,m91,*iˀc,defecate (v),,,,rau
go,m91,ḭj / iˀɟ,defecate (v),,,,FR
so,m91,gad-iɟ,defecate (v),,,,RSED[p94]
re,m91,ik',defecate (v),,,,BDBH[88]
gu,m91,ig,defecate (v),,,,AG08[p652]
kh,m91,iˀj,defecate (v),,,,DSKH[12711]
ju,m91,ij,defecate (v),,,,DSJU[13371]
gt,m91,æg,defecate (v),,,,PGEG[p4]
sa,m91,ic',defecate (v),,,,CSED[p244]
mu,m91,ij',defecate (v),,,,BMED[p75]
ho,m91,iiʔ,defecate (v),,,,DHED[p150]
kw,m91,i:q,defecate (v),,,,BAHL[p16]
ko,m91,ich,defecate (v),,,,NKEV[p310]
PMu,m92,*bəˀt,contain/block (v),,,,rau
go,m92,baˀd,contain/block (v),,,,FR
so,m92,bad,contain/block (v),,,,RSED[p47]
re,m92,boʔ,contain/block (v),,,,BDBH[2027]
gu,m92,bod,contain/block (v),,,,Z1965[59]
gt,m92,boaʔ,contain/block (v),,,,PGEG[p11]
sa,m92,be̠t',contain/block (v),,,,BSDV1[p275]
mu,m92,bed',contain/block (v),,,,BMED[p21]
ho,m92,beɖ,contain/block (v),,,,DHED[p33]
PMu,m93,*laˀk,scrape (v),,,,rau
go,m93,laʔ,scrape (v),,,,FR
gu,m93,lag,scrape (v),,,,Z1965[205]
kh,m93,laʔ,scrape (v),,,,PKED[p118]
ju,m93,lag,scrape (v),,,,PJDW[p235]
gt,m93,liaʔ,scrape (v),,,,PGEG[p31]
sa,m93,lak',scrape (v),,,,CSED[p359]
ho,m93,laʔ,scrape (v),,,,DHED[p203]
ko,m93,laʔ,scrape (v),,,,DSKO[17551]
PMu,m94,*roˀc,squeeze/milk (v),,,,rau
go,m94,(ra'd),squeeze/milk (v),,,,FR
so,m94,(rad),squeeze/milk (v),,,,RSED[p226]
re,m94,riʔ,squeeze/milk (v),,,,BDBH[2276]
gu,m94,roj,squeeze/milk (v),,,,DSGU[2071]
kh,m94,roˀj,squeeze/milk (v),,,,PKED[p170]
ju,m94,roɟ,squeeze/milk (v),,,,PJDW[p268]
gt,m94,rweʔ,squeeze/milk (v),,,,PGEG[p41]
sa,m94,roco,squeeze/milk (v),,,,BSDV5[p98]
mu,m94,roeʔ,squeeze/milk (v),,,,EMV12[p3628]
ho,m94,ro:eʔ,squeeze/milk (v),,,,DHED[p290]
kw,m94,roej,squeeze/milk (v),,,,DSKW[19520]
ko,m94,ro(:)c,squeeze/milk (v),,,,NKEV[p335]
PMu,m95,*ɟiŋ(k),porcupine,,,,rau
so,m95,kənɟɪ:ŋ,porcupine,,,,RSED[p131]
re,m95,gisiŋreʔe,porcupine,,,,BDBH[858]
kh,m95,jiŋray,porcupine,,,,PKED[p86]
ju,m95,ɟiŋɛ,porcupine,,,,PJDW[p212]
gt,m95,gcæiŋ,porcupine,,,,PGEG[p22]
sa,m95,jhĩk,porcupine,,,,CSED[p268]
mu,m95,jiki,porcupine,,,,BMED[p82]
ho,m95,jiki,porcupine,,,,DHED[p165]
kw,m95,ji:k,porcupine,,,,DSKW[09500]
ko,m95,jikɽa,porcupine,,,,NKEV[p313]
PMu,m96,*gaˀc,fry/scrape (v),,,,rau
go,m96,gaˀɟ,fry/scrape (v),,,,FR
so,m96,gaɟ,fry/scrape (v),,,,RSED[p95]
re,m96,gaĭ,fry/scrape (v),,,,BDBH[766]
gu,m96,gaj,fry/scrape (v),,,,Z1965[120]
kh,m96,gaˀj,fry/scrape (v),,,,PKED[p165]
ju,m96,gaj,fry/scrape (v),,,,DSJU[10461]
gt,m96,gæʔ,fry/scrape (v),,,,PGEG[p19]
sa,m96,ge̠c',fry/scrape (v),,,,CSED[p184]
mu,m96,geʔ,fry/scrape (v),,,,EMV5[p1411]
PMu,m97,*per,burn(chilies) (v),,,,rau
go,m97,per,burn(chilies) (v),,,,FR
re,m97,per,burn(chilies) (v),,,,BDBH[1756]
gu,m97,per,burn(chilies) (v),,,,Z1975[294]
gt,m97,pir,burn(chilies) (v),,,,PGEG[p38]
sa,m97,pe̠ṛen,burn(chilies) (v),,,,CSED[p500]
ho,m97,(pertol),burn(chilies) (v),,,,DHED[p266]
PMu,m98,*bv₃₁/*bv₃₁sv₃₂,be sated (v),,,,rau
go,m98,buʔ,be sated (v),,,,FR
so,m98,beˀ,be sated (v),,,,RSED[p56]
re,m98,busu,be sated (v),,,,BDBH[1960]
gu,m98,busu,be sated (v),,,,Z1965[72]
kh,m98,"bes(o,u)",be sated (v),,,,PKED[p20]
ju,m98,bisu,be sated (v),,,,PJDW[p14]
gt,m98,bse,be sated (v),,,,PGEG[p14]
sa,m98,bi(ʔ),be sated (v),,,,CSED[p67]
mu,m98,bi:(ʔ)/biu,be sated (v),,,,BMED[p22]
ho,m98,bi:,be sated (v),,,,DHED[p35]
kw,m98,bi:,be sated (v),,,,BAHL[p106]
PMu,m99,*uˀp,hair,,,,rau
so,m99,uʔ/(uppur),hair,,,,RSED[p308(307)]
re,m99,ugbok',hair,,,,BDBH[135]
gu,m99,iʔboʔ,hair,,,,DSGU[9411]
kh,m99,(ului),hair,,,,DSKH[32441]
gt,m99,ugboʔ/ogboʔ,hair,,,,PGEG[p6]
sa,m99,up',hair,,,,CSED[p670]
mu,m99,ub',hair,,,,BMED[p191]
ho,m99,ub,hair,,,,DHED[p369]
kw,m99,u:b,hair,,,,BAHL[p18]
ko,m99,hu:p,hair,,,,NKEV[p310]
PMu,m100,*ɲv₃₃m,name,,,,rau
go,m100,inum,name,,,,FR
so,m100,əɲam,name,,,,RSED[p12]
re,m100,nimi,name,,,,BDBH[1588]
gu,m100,imi,name,,,,AG[p645]
kh,m100,(i)ɲimi,name,,,,PKED[p140]
gt,m100,mni,name,,,,PGEG[p35]
sa,m100,ɲum/ɲutum,name,,,,CSED[p451/452]
mu,m100,num/nutum,name,,,,BMED[134]
ho,m100,numu/nutum,name,,,,DHED[p249]
ko,m100,jimu,name,,,,NKEV[p313]
PMu,m101,*k₂a(aˀ),fish,,,,rau
go,m101,ajuʔ,fish,,,,FR
so,m101,əjo:,fish,,,,RSED[p5]
re,m101,aɽoŋ/CF:aʔ,fish,,,,BDBH[56]
gu,m101,aʔɖoŋ,fish,,,,GGEG[p91]
kh,m101,kaɖoŋ,fish,,,,HLKS[V64]
ju,m101,karoŋ,fish,,,,PJDW[219]
gt,m101,haʔɽo/CF:haʔ,fish,,,,PGEG[p24]
sa,m101,hako,fish,,,,CSED[p212]
mu,m101,ha:i,fish,,,,BMED[p64]
ho,m101,hai/haku,fish,,,,DHED[p126]
kw,m101,haku:,fish,,,,DSKW[22340]
ko,m101,ka:ku,fish,,,,NKEV[p316]
PMu,m102,*k₂ojo,wind,,,,rau
re,m102,uĭɖak',wind,,,,BDBH[130]
gu,m102,oioi,wind,,,,GGEG[p90]
kh,m102,koyo,wind,,,,PKEV[p108]
ju,m102,koio,wind,,,,PJDW[p225]
gt,m102,hueɽiaʔ,wind,,,,PGEG[p26]
sa,m102,hoyoŋ,wind,,,,CSED[p237]
mu,m102,hoyo,wind,,,,BMED[72]
ho,m102,hoyo,wind,,,,DHED[p146]
kw,m102,hoe,wind,,,,BAHL[p149]
ko,m102,koyo,wind,,,,NKEV[318]
PMu,m103,*sv₃₉r,sambar (deer),,,,rau
go,m103,ki(N)sar,sambar (deer),,,,FR
so,m103,kinsar,sambar (deer),,,,RSED[p141]
re,m103,saram/săram/sram/siram,sambar (deer),,,,BDBH[2496/2591]
gu,m103,suram,sambar (deer),,,,AG08[p651]
ju,m103,sɛram,sambar (deer),,,,PJDW[p276]
gt,m103,sra,sambar (deer),,,,PGEG[p44]
sa,m103,saram,sambar (deer),,,,CSED[p563]
mu,m103,sa:ra:m,sambar (deer),,,,BMED[p169]
ho,m103,saram,sambar (deer),,,,DHED[p305]
ko,m103,(ruy),sambar (deer),,,,NKEV[335]
PMu,m104,*sv₄₄(vˀ)l,husking mortar,,,,rau
go,m104,a̰l,husking mortar,,,,FR
so,m104,ono:l/OnAl,husking mortar,,,,RSED[p194/DSSO[50351]]
re,m104,sabu,husking mortar,,,,BDBH[2490]
gu,m104,saʔal,husking mortar,,,,JV
kh,m104,sol,husking mortar,,,,PKED[p185]
ju,m104,(hesab),husking mortar,,,,PJDW[p204)]
gt,m104,saboʔ,husking mortar,,,,PGEG[p41]
mu,m104,se:l/sehel,husking mortar,,,,EMV13[p3900/3894]
ho,m104,sẽ:l,husking mortar,,,,DHED[p311]
ko,m104,sel,husking mortar,,,,DSKO[24701]
PMu,m105,*maˀt,bamboo joint,,,,rau
go,m105,maˀd,bamboo joint,,,,Z1982[p273]
so,m105,mad,bamboo joint,,,,RSED[p168]
gu,m105,moʔ,bamboo joint,,,,DSGU[15161]
kh,m105,moɖa,bamboo joint,,,,PKEP[p135]
ju,m105,mɔɖɔ,bamboo joint,,,,PJDW[p244]
gt,m105,(leʔ-mweʔ),bamboo joint,,,,PGEG[p31]
sa,m105,mat',bamboo joint,,,,CSED[p410]
mu,m105,ma:d',bamboo joint,,,,BMED[p110]
ho,m105,maɖ,bamboo joint,,,,DHED[p221]
kw,m105,ma:ɖ,bamboo joint,,,,BAHL[p118]
ko,m105,ma:ʈ,bamboo joint,,,,NKEV[p325]
PMu,m106,*or,pull/drag (vt),,,,rau
go,m106,or,pull/drag (vt),,,,FR
so,m106,or,pull/drag (vt),,,,RSED[p195]
gu,m106,(an),pull/drag (vt),,,,Z1965[24]
gt,m106,ur-guʔ,pull/drag (vt),,,,PGEG[p7]
sa,m106,or,pull/drag (vt),,,,CSED[p461]
mu,m106,or,pull/drag (vt),,,,BMED[p138]
ho,m106,or,pull/drag (vt),,,,DHED[p253]
kw,m106,or,pull/drag (vt),,,,BAHL[p23]
ko,m106,o(:)ɽ,pull/drag (vt),,,,NKEV[p329]
PMu,m107,*ɟv₄₀ləˀt,slip (vi)/be slippery,,,,rau
so,m107,ɟalo:/ɟəlo:(ɟ),slip (vi)/be slippery,,,,RSED[p120/115]
re,m107,sulo(ʔ),slip (vi)/be slippery,,,,DSRE[37391]
gu,m107,sulod,slip (vi)/be slippery,,,,Z1965[383]
kh,m107,joloɖ,slip (vi)/be slippery,,,,PKED[p88]
gt,m107,cluaʔ,slip (vi)/be slippery,,,,PGEG[p16]
sa,m107,(jilet'/jalat'),slip (vi)/be slippery,,,,CSED[p273/252]
mu,m107,jila:d',slip (vi)/be slippery,,,,BMED[p83]
ho,m107,jilad,slip (vi)/be slippery,,,,DHED[p165]
kw,m107,jeleɖ,slip (vi)/be slippery,,,,BAHL[p62]
ko,m107,(silir),slip (vi)/be slippery,,,,NKEV[338]
PMu,m108,*gv₄₁ma,rain (n/vi),,,,rau
so,m108,gum,rain (n/vi),,,,RSED[p105]
gu,m108,arel-gum,rain (n/vi),,,,DSGU[26300]
kh,m108,gim,rain (n/vi),,,,PKED[p61]
ju,m108,gima,rain (n/vi),,,,PJDW[p196]
mu,m108,ga:ma:,rain (n/vi),,,,BMED[p58]
ho,m108,gama,rain (n/vi),,,,DHED[p105]
ko,m108,ghamaʔ,rain (n/vi),,,,DSKO[9171]
PMu,m109,*sv₄₂rv₄₂ˀp,sip (v),,,,rau
go,m109,soɖo'b,sip (v),,,,Zide
so,m109,sərub,sip (v),,,,RSED[p242]
gu,m109,surub,sip (v),,,,DSGU[23421]
kh,m109,suruˀb,sip (v),,,,PKED[p190]
ju,m109,surupi,sip (v),,,,DSJU[30520]
gt,m109,srog,sip (v),,,,PGEG[p44]
sa,m109,sirup',sip (v),,,,CSED[p582]
ho,m109,siri:b,sip (v),,,,DHED[p320]
PMu,m110,*tv₄₃məˀt,mouth,,,,rau
go,m110,toˀd/tom,mouth,,,,FR
so,m110,tˀod/tam,mouth,,,,RSED[p291/276]
re,m110,tumoʔ,mouth,,,,BDBH[1431]
gu,m110,tumoʔ,mouth,,,,JV
kh,m110,tomoˀɖ,mouth,,,,PKED[p201]
ju,m110,tɔmɔd,mouth,,,,PJDW[p286]
gt,m110,tmwaʔ,mouth,,,,PGEG[46]
PMu,m111,*tv₄₅ˀɟ,distribute (v),,,,rau
go,m111,taˀɟ,distribute (v),,,,FR
so,m111,tij,distribute (v),,,,RSED[p287]
re,m111,teʔsaʔgur,distribute (v),,,,BDBH[1473]
gu,m111,tej,distribute (v),,,,Z1965[401]
kh,m111,taˀj,distribute (v),,,,PKED[p195]
ju,m111,taɟ,distribute (v),,,,PJDW[p283]
gt,m111,toeʔ,distribute (v),,,,PGEG[p45]
PMu,m112,*k₂aˀc[e/ə]r/*k₂aˀk[e/ə]r,unripe mango,,,,rau
go,m112,aˀɟer,unripe mango,,,,FR
re,m112,ayer/ager,unripe mango,,,,BDBH[38]
gu,m112,aʔer,unripe mango,,,,DSGU[291]
kh,m112,kayar,unripe mango,,,,PKED[p99]
ju,m112,kae,unripe mango,,,,DSJU[15661]
gt,m112,hiaʔir,unripe mango,,,,PGEG[p25]
PMu,m113,*lv₄₆joŋ,irrigated field,,,,rau
go,m113,lioŋ,irrigated field,,,,FR
re,m113,ljo,irrigated field,,,,MVOL[p732]
gu,m113,lioŋ,irrigated field,,,,AG08[p666]
gt,m113,ljo,irrigated field,,,,PGEG[p32]
mu,m113,loyoŋ,irrigated field,,,,BMED[p109]
kw,m113,loyoŋ,irrigated field,,,,BAHL[129]
PMu,m114,*buru,hill,,,,rau
go,m114,bura,hill,,,,FR
so,m114,bəru/baru/bur,hill,,,,RSED[p46/54]
re,m114,biri,hill,,,,BDBH[1886]
gu,m114,biroŋ/buroŋ,hill,,,,DSGU[2731]
kh,m114,biru,hill,,,,PKED[p22/DSKH[3721]]
gt,m114,bri,hill,,,,PGEG[p28]
sa,m114,buru,hill,,,,CSED[p82]
mu,m114,buru,hill,,,,BMED[p26]
ho,m114,buru,hill,,,,DHED[p50]
kw,m114,bu:ru:,hill,,,,BAHL[p109]
PMu,m115,*biri,forest,,,,rau
go,m115,bura,forest,,,,FR
so,m115,bəru/baru/bur,forest,,,,RSED[p46/54]
re,m115,biri,forest,,,,BDBH[1886]
gu,m115,biroŋ/buroŋ,forest,,,,DSGU[2731]
kh,m115,biru,forest,,,,PKED[p22/DSKH[3721]]
gt,m115,bir,forest,,,,PGEG[p9]
sa,m115,bir,forest,,,,CSED[p70]
mu,m115,bir,forest,,,,BMED[p23]
ho,m115,bir,forest,,,,DHED[p37]
kw,m115,bhi:r,forest,,,,BAHL[p115]
PMu,m116,*rəəˀ,elephant,,,,rau
go,m116,raʔ,elephant,,,,FR
so,m116,raʔ,elephant,,,,RSED[p225]
gu,m116,roʔo,elephant,,,,JV
PMu,m117,*rimil,cloud,,,,rau
sa,m117,rimil,cloud,,,,CDES[p33]
mu,m117,rimil,cloud,,,,BMED[p160]
ho,m117,rimil,cloud,,,,HOGV[p152]
PMu,m118,*tur,six,,,,rau
go,m118,turgi,six,,,,FR
so,m118,turru,six,,,,RSED[p300]
re,m118,tiʔri,six,,,,BDBH[1396]
gu,m118,tir,six,,,,HLKS[V148]
kh,m118,tib(h)ru,six,,,,HLKS[V148]
gt,m118,tur,six,,,,PGEG[p46]
sa,m118,turui,six,,,,CSED[661]
mu,m118,tur(u)ia:,six,,,,BMED[p190]
ho,m118,turui(ya),six,,,,DHED[p367]
ko,m118,turuy(a),six,,,,NKEV[p341]
PMu,m119,*gul,seven,,,,rau
go,m119,gulgi,seven,,,,FR
so,m119,gulɟi,seven,,,,RSED[p105]
re,m119,giʔ,seven,,,,BDBH[861]
gu,m119,gil,seven,,,,DSGU[26710]
gt,m119,gu,seven,,,,PGEG[p20]
sa,m119,(eae),seven,,,,CSED[p159]
mu,m119,(e(a:)),seven,,,,BMED[p53]
ho,m119,(ai(ya)),seven,,,,DHED[p5]
ko,m119,(ey(ya)),seven,,,,NKEV[p304]
PMu,m120,*tam,eight,,,,rau
go,m120,tamgi,eight,,,,FR
so,m120,tamɟi/tanɟi,eight,,,,RSED[279]
re,m120,tomam,eight,,,,BDBH[1498]
gu,m120,tamgi,eight,,,,DSGU[26191]
kh,m120,tham,eight,,,,PKED[p203]
PMu,m121,*tim,nine,,,,rau
go,m121,timgi,nine,,,,FR
so,m121,timɟi,nine,,,,RSED[289]
gu,m121,timgi,nine,,,,DSGU[27480]
gt,m121,so(n)tiŋ,nine,,,,DSGT[15141]
PMu,m122,*gv₄₈l,ten,,,,rau
go,m122,galgi,ten,,,,FR
so,m122,galɟi,ten,,,,RSED[p96]
re,m122,go:,ten,,,,HLKS[V249]
gu,m122,gol,ten,,,,DSGU[26750]
kh,m122,gel,ten,,,,DSKH[10041]
gt,m122,go,ten,,,,DSGT[5591]
sa,m122,gel,ten,,,,CSED[p185]
mu,m122,gel(ea),ten,,,,BMED[p59]
ho,m122,gel,ten,,,,DHED[p111]
ko,m122,gel(ya),ten,,,,NKEV[p305]
PMu,m123,*baaˀ,paddy,,,,rau
go,m123,baba,paddy,,,,FR
so,m123,ba:ba:,paddy,,,,RSED[p47]
kh,m123,baʔ,paddy,,,,PKED[p10]
ju,m123,bua,paddy,,,,PJDW[p172]
mu,m123,ba:ba:,paddy,,,,BMED[p14]
ho,m123,baba,paddy,,,,DHED[p18]
kw,m123,(a:ba:ga),paddy,,,,BAHL[p9]
ko,m123,baba,paddy,,,,NKEV[p291]
PMu,m124,*k₂on,child,,,,rau
go,m124,aŋon,child,,,,FR
so,m124,oˀo:n,child,,,,RSED[p195]
re,m124,ɔ̃ʔɔ̃,child,,,,BDBH[487]
gu,m124,oʔn,child,,,,AG08[p636]
kh,m124,konon,child,,,,PKED[p104]
ju,m124,kɔn,child; son; boy,,,,
gt,m124,ūhuŋo,child,,,,PGEG[p6]
sa,m124,hon,child,,,,CSED[p234]
mu,m124,hon,child,,,,BMED[p71]
ho,m124,hon,child,,,,DHED[p142]
kw,m124,hon,child,,,,BAHL[p149]
ko,m124,ko(ː)n,child,,,,NKEV[p318]
PMu,m125,*kitv₃ŋ,god,,,,rau
go,m125,kituŋ,god,,,,FR
so,m125,kittuŋ,god,,,,RSED[p141]
re,m125,kitoŋ,god,,,,MVOL[p696]
gu,m125,kituŋ,god,,,,DSGU[26950]
kh,m125,kiʔtuŋ,god,,,,PKED[p148]
gt,m125,kitoŋ,god,,,,PGEG[p28]
PMu,m126,*alv₃ŋ/*ᵊlv₃ŋ,inside,,,,rau
go,m126,aluŋ,inside,,,,FR
so,m126,əluŋ,inside,,,,RSED[p8]
re,m126,aluŋ,inside,,,,BDBH[68]
gu,m126,aluŋ,inside,,,,AG08[p648]
ju,m126,aluŋ,inside,,,,PJDW[p157]
gt,m126,alo,inside,,,,PGEG[p3]
PMu,m127,*k₂umv₄₉/*k₂ᵊmv₄₉,dirt,,,,rau
go,m127,mar,dirt,,,,A[Zide[dic]
gu,m127,imar,dirt,,,,Z1965[162]
ju,m127,(muili),dirt,,,,PJDW[p246]
gt,m127,hmar,dirt,,,,PGEG[p26]
mu,m127,humu,dirt,,,,BMED[p73]
ho,m127,humu:,dirt,,,,DHED[p147]
ko,m127,kumu,dirt,,,,NKEV[p319]
